entity_name,github_repo_link,integration_type,star_count,language,file_count,lines_of_code,github_contributor_count,total_github_issue_count,closed_github_issue_count,total_commit_count,build_success_rate
rezapex/shopify-mcp-server-main,https://github.com/rezapex/shopify-mcp-server-main,mined,25,TypeScript,0,0,1,0,0,0,
dnakov/anon-kode,https://github.com/dnakov/anon-kode,mined,1244,JavaScript,220.0,25072.0,14,72,63,153,0.89
v-3/google-calendar,https://github.com/v-3/google-calendar,community,34,TypeScript,1.0,376.0,0,2,0,1,
FlowiseAI/Flowise,https://github.com/FlowiseAI/Flowise,mined,36400,TypeScript,0,0,100,1822,1302,2893,0.8
flatironinstitute/neurosift,https://github.com/flatironinstitute/neurosift,mined,53,TypeScript,0,0,3,257,233,316,0.91
sooperset/mcp-atlassian,https://github.com/sooperset/mcp-atlassian,community,280,Python,89.0,17238.0,22,70,60,175,0.92
sourcegraph/openctx,https://github.com/sourcegraph/openctx,mined,214,TypeScript,0,0,20,20,3,212,0.09
TaazKareem/clickup-mcp-server,https://github.com/TaazKareem/clickup-mcp-server,mined,25,TypeScript,0,0,3,17,15,184,0.98
sammcj/mcp-package-version,https://github.com/sammcj/mcp-package-version,mined,47,TypeScript,0,0,5,2,2,65,0.82
sparfenyuk/mcp-proxy,https://github.com/sparfenyuk/mcp-proxy,community,180,Python,0,0,7,12,6,55,0.93
kagisearch/kagimcp,https://github.com/kagisearch/kagimcp,official,39,Python,0,0,3,3,3,27,1.0
LucasHild/mcp-server-bigquery,https://github.com/LucasHild/mcp-server-bigquery,community,26,Python,2.0,155.0,2,2,0,6,
get-convex/convex-backend,https://github.com/get-convex/convex-backend,mined,3399,Rust,0,0,26,42,17,2870,1.0
ahujasid/blender-mcp,https://github.com/ahujasid/blender-mcp,community,7543,Python,4.0,1630.0,7,61,55,97,
MFYDev/ghost-mcp,https://github.com/MFYDev/ghost-mcp,community,22,Python,21.0,2649.0,3,2,0,53,
haris-musa/excel-mcp-server,https://github.com/haris-musa/excel-mcp-server,community,43,Python,12.0,1833.0,2,2,1,10,0.5
co-browser/browser-use-mcp-server,https://github.com/co-browser/browser-use-mcp-server,community,65,Python,7.0,802.0,5,9,5,141,0.41
privetin/chroma,https://github.com/privetin/chroma,community,17,Python,2.0,583.0,1,0,0,4,
mamertofabian/mcp-everything-search,https://github.com/mamertofabian/mcp-everything-search,community,57,Python,6.0,856.0,2,3,1,26,0.84
YanxingLiu/dify-mcp-server,https://github.com/YanxingLiu/dify-mcp-server,community,111,Python,3.0,247.0,3,2,2,14,
ckreiling/mcp-server-docker,https://github.com/ckreiling/mcp-server-docker,community,163,Python,6.0,673.0,2,4,1,45,
Coding-Solo/godot-mcp,https://github.com/Coding-Solo/godot-mcp,community,29,JavaScript,2.0,1744.0,1,11,8,33,
carterlasalle/mac_messages_mcp,https://github.com/carterlasalle/mac_messages_mcp,community,12,Python,7.0,906.0,1,0,0,32,0.73
ZilongXue/claude-post,https://github.com/ZilongXue/claude-post,community,40,Python,2.0,384.0,1,3,1,5,
smn2gnt/MCP-Salesforce,https://github.com/smn2gnt/MCP-Salesforce,community,19,Python,2.0,425.0,1,1,1,7,
designcomputer/mysql_mcp_server,https://github.com/designcomputer/mysql_mcp_server,community,137,Python,5.0,221.0,4,18,5,59,0.69
shanejonas/openrpc-mpc-server,https://github.com/shanejonas/openrpc-mpc-server,community,27,JavaScript,1.0,111.0,1,2,0,5,
sunsetcoder/flightradar24-mcp-server,https://github.com/sunsetcoder/flightradar24-mcp-server,community,12,JavaScript,4.0,315.0,1,2,1,4,
zcaceres/fetch-mcp,https://github.com/zcaceres/fetch-mcp,community,143,TypeScript,5.0,410.0,1,7,1,3,
VectorInstitute/mcp-goodnews,https://github.com/VectorInstitute/mcp-goodnews,community,13,Python,13.0,474.0,1,0,0,19,0.96
strangelove-ventures/web3-mcp,https://github.com/strangelove-ventures/web3-mcp,mined,51,TypeScript,20.0,3722.0,3,2,0,30,
disler/pocket-pick,https://github.com/disler/pocket-pick,mined,37,Python,29.0,1512.0,1,0,0,21,
JigsawStack/jigsawstack-mcp-server,https://github.com/JigsawStack/jigsawstack-mcp-server,mined,17,TypeScript,12.0,526.0,3,0,0,65,
base/base-mcp,https://github.com/base/base-mcp,mined,116,TypeScript,41.0,2394.0,6,5,2,145,0.9
pskill9/hn-server,https://github.com/pskill9/hn-server,mined,15,JavaScript,1.0,156.0,3,0,0,6,
zed-industries/postgres-context-server,https://github.com/zed-industries/postgres-context-server,mined,11,JavaScript,1.0,297.0,3,1,1,15,
QuantGeekDev/coincap-mcp,https://github.com/QuantGeekDev/coincap-mcp,mined,30,TypeScript,8.0,299.0,2,0,0,31,
haltakov/meme-mcp,https://github.com/haltakov/meme-mcp,mined,12,JavaScript,1.0,50.0,2,0,0,7,
mattzcarey/mcp-thinking,https://github.com/mattzcarey/mcp-thinking,mined,50,TypeScript,5.0,262.0,2,0,0,7,
emiryasar/mcp_code_analyzer,https://github.com/emiryasar/mcp_code_analyzer,mined,29,Python,18.0,5688.0,1,1,0,14,
NanGePlus/MCPTest,https://github.com/NanGePlus/MCPTest,mined,55,Python,15.0,2174.0,1,2,0,43,
disler/claude-3-7-sonnet-starter-pack,https://github.com/disler/claude-3-7-sonnet-starter-pack,mined,71,Python,10.0,2670.0,1,0,0,22,
Kush36Agrawal/Video_Editor_MCP,https://github.com/Kush36Agrawal/Video_Editor_MCP,mined,12,Python,4.0,218.0,1,0,0,2,
sionic-ai/serverless-rag-mcp-server,https://github.com/sionic-ai/serverless-rag-mcp-server,mined,26,Python,10.0,563.0,1,0,0,9,
lgesuellip/researcher_agent,https://github.com/lgesuellip/researcher_agent,mined,56,Python,16.0,386.0,1,0,0,16,
vivekVells/mcp-pandoc,https://github.com/vivekVells/mcp-pandoc,community,82,Python,2.0,208.0,4,7,3,38,
martinbowling/thoughtful-claude,https://github.com/martinbowling/thoughtful-claude,mined,44,Python,1.0,52.0,1,1,0,2,
open-strategy-partners/osp_marketing_tools,https://github.com/open-strategy-partners/osp_marketing_tools,community,66,Python,3.0,126.0,4,0,0,80,
ZubeidHendricks/youtube-mcp-server,https://github.com/ZubeidHendricks/youtube-mcp-server,community,47,TypeScript,16.0,2614.0,3,4,0,17,
tadata-org/fastapi_mcp,https://github.com/tadata-org/fastapi_mcp,community,182,Python,11.0,1034.0,5,16,6,131,
CoderGamester/mcp-unity,https://github.com/CoderGamester/mcp-unity,community,76,C#,64.0,6557.0,3,11,8,45,
apeyroux/mcp-xmind,https://github.com/apeyroux/mcp-xmind,community,13,JavaScript,1.0,752.0,2,1,0,10,
AI-QL/chat-mcp,https://github.com/AI-QL/chat-mcp,community,127,HTML,5.0,2625.0,2,4,4,55,
TermiX-official/bsc-mcp,https://github.com/TermiX-official/bsc-mcp,community,51,TypeScript,30.0,2598.0,2,3,1,92,
RamXX/mcp-tavily,https://github.com/RamXX/mcp-tavily,community,36,Python,12.0,1225.0,3,4,3,16,
atharvagupta2003/mcp-stripe,https://github.com/atharvagupta2003/mcp-stripe,community,13,Python,4.0,259.0,2,0,0,20,
adityak74/mcp-scholarly,https://github.com/adityak74/mcp-scholarly,community,34,Python,5.0,152.0,4,3,1,15,
Flux159/mcp-server-kubernetes,https://github.com/Flux159/mcp-server-kubernetes,community,160,TypeScript,50.0,5142.0,13,19,14,225,0.54
evalstate/mcp-hfspace,https://github.com/evalstate/mcp-hfspace,community,129,TypeScript,14.0,1957.0,6,4,2,133,1.0
GongRzhe/Gmail-MCP-Server,https://github.com/GongRzhe/Gmail-MCP-Server,community,77,JavaScript,5.0,918.0,5,9,4,38,
nspady/google-calendar-mcp,https://github.com/nspady/google-calendar-mcp,community,34,TypeScript,14.0,1618.0,9,6,5,65,1.0
mcpdotdirect/evm-mcp-server,https://github.com/mcpdotdirect/evm-mcp-server,community,19,TypeScript,18.0,3094.0,6,4,2,29,1.0
bazinga012/mcp_code_executor,https://github.com/bazinga012/mcp_code_executor,community,28,JavaScript,3.0,289.0,5,3,1,10,
zcaceres/gtasks-mcp,https://github.com/zcaceres/gtasks-mcp,community,15,TypeScript,3.0,505.0,2,3,0,11,
66julienmartin/MCP-server-Deepseek_R1,https://github.com/66julienmartin/MCP-server-Deepseek_R1,community,31,JavaScript,2.0,153.0,3,1,1,16,
mem0ai/mem0-mcp,https://github.com/mem0ai/mem0-mcp,community,26,Python,2.0,198.0,4,1,0,15,
comet-ml/opik-mcp,https://github.com/comet-ml/opik-mcp,official,11,TypeScript,25.0,5617.0,4,0,0,38,
bytebase/dbhub,https://github.com/bytebase/dbhub,community,47,TypeScript,27.0,2597.0,6,9,4,120,0.88
cloudflare/mcp-server-cloudflare,https://github.com/cloudflare/mcp-server-cloudflare,official,771,TypeScript,44.0,11664.0,7,15,0,64,1.0
furey/mongodb-lens,https://github.com/furey/mongodb-lens,community,14,JavaScript,4.0,7477.0,2,0,0,431,1.0
zcaceres/easy-mcp,https://github.com/zcaceres/easy-mcp,community,82,TypeScript,30.0,2222.0,2,0,0,56,0.71
ChronulusAI/chronulus-mcp,https://github.com/ChronulusAI/chronulus-mcp,official,20,Python,16.0,1722.0,1,0,0,3,
browserbase/mcp-server-browserbase,https://github.com/browserbase/mcp-server-browserbase,official,352,JavaScript,8.0,1322.0,8,13,2,65,
21st-dev/magic-mcp,https://github.com/21st-dev/magic-mcp,official,577,TypeScript,19.0,935.0,3,10,9,57,
e2b-dev/mcp-server,https://github.com/e2b-dev/mcp-server,official,148,JavaScript,4.0,161.0,6,4,2,43,0.76
stripe/agent-toolkit,https://github.com/stripe/agent-toolkit,official,554,TypeScript,119.0,7177.0,12,7,6,165,0.65
mendableai/firecrawl-mcp-server,https://github.com/mendableai/firecrawl-mcp-server,official,1445,JavaScript,5.0,1766.0,6,18,8,88,0.7
graphlit/graphlit-mcp-server,https://github.com/graphlit/graphlit-mcp-server,official,77,TypeScript,4.0,3181.0,4,0,0,167,
hyperbrowserai/mcp,https://github.com/hyperbrowserai/mcp,official,13,TypeScript,22.0,1234.0,4,0,0,48,
integromat/make-mcp-server,https://github.com/integromat/make-mcp-server,official,22,TypeScript,7.0,456.0,2,2,1,12,0.92
exa-labs/exa-mcp-server,https://github.com/exa-labs/exa-mcp-server,official,299,JavaScript,12.0,758.0,5,9,4,44,1.0
integration-app/mcp-server,https://github.com/integration-app/mcp-server,official,11,JavaScript,1.0,87.0,3,0,0,10,
ppl-ai/modelcontextprotocol,https://github.com/ppl-ai/modelcontextprotocol,official,626,JavaScript,2.0,251.0,6,14,1,16,
Geeksfino/kb-mcp-server,https://github.com/Geeksfino/kb-mcp-server,mined,14,Python,57.0,4613.0,1,0,0,63,
remotion-dev/remotion,https://github.com/remotion-dev/remotion,mined,21742,TypeScript,0,0,100,1713,1636,24543,0.5
BigSweetPotatoStudio/HyperChat,https://github.com/BigSweetPotatoStudio/HyperChat,mined,351,JavaScript,0,0,4,36,29,1045,0.93
StevenStavrakis/obsidian-mcp,https://github.com/StevenStavrakis/obsidian-mcp,community,117,TypeScript,32.0,4473.0,4,12,4,48,
suekou/mcp-notion-server,https://github.com/suekou/mcp-notion-server,community,265,JavaScript,5.0,2951.0,9,14,7,79,
executeautomation/mcp-playwright,https://github.com/executeautomation/mcp-playwright,community,1194,TypeScript,49.0,4170.0,16,41,30,185,0.75
leonardsellem/n8n-mcp-server,https://github.com/leonardsellem/n8n-mcp-server,community,26,TypeScript,42.0,2297.0,2,2,1,4,
v-3/notion-server,https://github.com/v-3/notion-server,community,39,TypeScript,1.0,1272.0,2,2,2,17,
tinybirdco/mcp-tinybird,https://github.com/tinybirdco/mcp-tinybird,official,51,Python,18.0,1285.0,8,2,1,123,0.79
tavily-ai/tavily-mcp,https://github.com/tavily-ai/tavily-mcp,official,138,JavaScript,2.0,307.0,3,9,3,34,
openbnb-org/mcp-server-airbnb,https://github.com/openbnb-org/mcp-server-airbnb,community,14,JavaScript,3.0,513.0,3,1,1,10,
JetBrains/mcp-jetbrains,https://github.com/JetBrains/mcp-jetbrains,official,242,JavaScript,1.0,194.0,3,27,12,44,0.65
snaggle-ai/openapi-mcp-server,https://github.com/snaggle-ai/openapi-mcp-server,community,304,TypeScript,1.0,309.0,5,10,10,41,
elroy-bot/elroy,https://github.com/elroy-bot/elroy,mined,17,Python,0,0,1,37,26,522,0.63
meilisearch/meilisearch-mcp,https://github.com/meilisearch/meilisearch-mcp,official,48,Python,12.0,953.0,2,3,0,32,0.93
r-huijts/rijksmuseum-mcp,https://github.com/r-huijts/rijksmuseum-mcp,community,24,JavaScript,20.0,1827.0,2,1,1,42,
abhiz123/todoist-mcp-server,https://github.com/abhiz123/todoist-mcp-server,community,84,JavaScript,1.0,357.0,3,7,0,9,
GongRzhe/REDIS-MCP-Server,https://github.com/GongRzhe/REDIS-MCP-Server,community,15,JavaScript,3.0,462.0,3,1,1,12,
zilliztech/mcp-server-milvus,https://github.com/zilliztech/mcp-server-milvus,official,26,Python,2.0,447.0,3,4,2,23,
apify/mcp-server-rag-web-browser,https://github.com/apify/mcp-server-rag-web-browser,community,77,JavaScript,5.0,222.0,2,4,1,39,0.88
motherduckdb/mcp-server-motherduck,https://github.com/motherduckdb/mcp-server-motherduck,official,46,Python,3.0,417.0,6,1,1,51,
pydantic/logfire-mcp,https://github.com/pydantic/logfire-mcp,official,22,Python,2.0,160.0,2,2,2,18,0.83
moeru-ai/airi,https://github.com/moeru-ai/airi,mined,157,TypeScript,0,0,14,8,2,698,0.71
sea-monkeys/WASImancer,https://github.com/sea-monkeys/WASImancer,mined,16,JavaScript,0,0,2,20,5,89,0.97
z80dev/cryo-mcp,https://github.com/z80dev/cryo-mcp,mined,86,Python,13.0,1444.0,1,0,0,8,
jasonjmcghee/WebMCP,https://github.com/jasonjmcghee/WebMCP,mined,34,JavaScript,0,0,2,3,2,89,0.87
apify/rag-web-browser,https://github.com/apify/rag-web-browser,mined,32,TypeScript,0,0,7,15,7,84,0.98
Tomatio13/mcp-server-tavily,https://github.com/Tomatio13/mcp-server-tavily,mined,25,Python,5.0,301.0,3,1,1,18,
RichardHan/mssql_mcp_server,https://github.com/RichardHan/mssql_mcp_server,mined,19,Python,5.0,243.0,2,0,0,2,
9600dev/llmvm,https://github.com/9600dev/llmvm,mined,34,Python,71.0,19753.0,4,1,0,441,
AppThreat/vulnerability-db,https://github.com/AppThreat/vulnerability-db,mined,111,Python,32.0,10464.0,6,94,71,260,0.88
hanweg/mcp-discord,https://github.com/hanweg/mcp-discord,mined,36,Python,3.0,532.0,4,7,1,19,
berlinbra/alpha-vantage-mcp,https://github.com/berlinbra/alpha-vantage-mcp,mined,16,Python,4.0,439.0,5,2,1,54,
SecretiveShell/MCP-wolfram-alpha,https://github.com/SecretiveShell/MCP-wolfram-alpha,mined,15,Python,4.0,126.0,3,1,1,16,
hanweg/mcp-tool-builder,https://github.com/hanweg/mcp-tool-builder,mined,13,Python,6.0,268.0,2,2,1,13,
langchain-ai/mcpdoc,https://github.com/langchain-ai/mcpdoc,mined,23,Python,9.0,426.0,4,5,2,44,0.82
MarkusPfundstein/mcp-obsidian,https://github.com/MarkusPfundstein/mcp-obsidian,mined,303,Python,4.0,710.0,10,20,7,40,
sidharthrajaram/mcp-sse,https://github.com/sidharthrajaram/mcp-sse,mined,89,Python,3.0,203.0,3,5,1,10,
TencentEdgeOne/edgeone-pages-mcp,https://github.com/TencentEdgeOne/edgeone-pages-mcp,community,28,HTML,2.0,396.0,0,3,3,5,
v-3/discordmcp,https://github.com/v-3/discordmcp,community,55,TypeScript,1.0,212.0,0,0,0,2,
getfounded/mcp-tool-kit,https://github.com/getfounded/mcp-tool-kit,mined,37,Python,24.0,7542.0,3,0,0,148,
skydeckai/mcp-server-aidd,https://github.com/skydeckai/mcp-server-aidd,mined,31,Python,18.0,3923.0,4,1,0,39,
p2c2e/mcp_proxy_pydantic_agent,https://github.com/p2c2e/mcp_proxy_pydantic_agent,mined,12,Python,5.0,521.0,1,1,0,10,
cyberchitta/llm-context.py,https://github.com/cyberchitta/llm-context.py,mined,142,Python,26.0,3356.0,2,3,2,470,
hashintel/hash,https://github.com/hashintel/hash,mined,1151,TypeScript,2712.0,266217.0,48,79,69,9393,0.88
polarsource/polar-js,https://github.com/polarsource/polar-js,mined,78,TypeScript,716.0,77272.0,3,4,4,90,0.94
Mirascope/mirascope,https://github.com/Mirascope/mirascope,mined,1031,Python,1557.0,69263.0,29,242,219,3699,0.94
dubinc/dub-ts,https://github.com/dubinc/dub-ts,mined,51,TypeScript,238.0,44408.0,8,2,1,235,0.99
alchemiststudiosDOTai/tinyAgent,https://github.com/alchemiststudiosDOTai/tinyAgent,mined,11,Python,66.0,9268.0,1,0,0,117,0.96
QuantGeekDev/mcp-framework,https://github.com/QuantGeekDev/mcp-framework,mined,358,TypeScript,33.0,3483.0,5,15,5,147,1.0
jason-tan-swe/railway-mcp,https://github.com/jason-tan-swe/railway-mcp,mined,11,TypeScript,35.0,3370.0,4,3,1,37,0.69
ausboss/mcp-ollama-agent,https://github.com/ausboss/mcp-ollama-agent,mined,12,TypeScript,15.0,836.0,1,0,0,28,
grll/mcpadapt,https://github.com/grll/mcpadapt,mined,199,Python,21.0,1426.0,3,15,11,76,0.92
cloudwalk/hermes-mcp,https://github.com/cloudwalk/hermes-mcp,mined,60,Elixir,2.0,89.0,5,20,10,43,0.74
jiangtao/blog,https://github.com/jiangtao/blog,mined,51,Shell,55.0,19222.0,1,30,15,147,1.0
eclipse-theia/theia,https://github.com/eclipse-theia/theia,mined,20496,TypeScript,2565.0,265124.0,100,7586,6046,7577,0.63
movibe/memory-bank-mcp,https://github.com/movibe/memory-bank-mcp,mined,13,TypeScript,36.0,4825.0,3,1,0,47,0.9
ConsolesAI/consoles-ai,https://github.com/ConsolesAI/consoles-ai,mined,24,JavaScript,23.0,2370.0,3,0,0,492,0.88
delano/postman-mcp-server,https://github.com/delano/postman-mcp-server,mined,28,TypeScript,39.0,5875.0,3,3,0,96,
Buga-luga/cursor-mcp,https://github.com/Buga-luga/cursor-mcp,mined,31,TypeScript,16.0,1447.0,3,2,0,27,
cline/linear-mcp,https://github.com/cline/linear-mcp,mined,32,TypeScript,26.0,2604.0,3,3,1,15,
RafalWilinski/aws-mcp,https://github.com/RafalWilinski/aws-mcp,mined,198,TypeScript,1.0,303.0,2,6,3,11,
qpd-v/mcp-ragdocs,https://github.com/qpd-v/mcp-ragdocs,mined,74,JavaScript,2.0,603.0,2,1,0,16,
latitude-dev/latitude-llm,https://github.com/latitude-dev/latitude-llm,mined,1796,TypeScript,2162.0,172391.0,17,322,204,1641,0.9
firebase/genkit,https://github.com/firebase/genkit,mined,1217,TypeScript,823.0,86128.0,82,918,549,3438,0.86
bytedance/UI-TARS-desktop,https://github.com/bytedance/UI-TARS-desktop,mined,3344,TypeScript,535.0,45237.0,24,210,96,268,0.91
Surfer-Org/Protocol,https://github.com/Surfer-Org/Protocol,mined,1423,TypeScript,184.0,16986.0,8,18,11,333,0.34
block/goose,https://github.com/block/goose,mined,10607,Rust,292.0,24560.0,100,424,289,984,0.91
agenticsorg/agentic-security,https://github.com/agenticsorg/agentic-security,mined,17,TypeScript,166.0,16324.0,2,0,0,44,
Mirascope/mcp-community,https://github.com/Mirascope/mcp-community,mined,11,Python,29.0,1332.0,2,27,6,29,1.0
antfu/nuxt-mcp,https://github.com/antfu/nuxt-mcp,mined,277,TypeScript,24.0,728.0,5,3,1,21,0.56
supabase-community/mcp-supabase,https://github.com/supabase-community/mcp-supabase,mined,85,TypeScript,33.0,10258.0,4,9,1,136,0.63
NightTrek/Ollama-mcp,https://github.com/NightTrek/Ollama-mcp,mined,27,JavaScript,1.0,522.0,1,0,0,6,
fonoster/fonoster,https://github.com/fonoster/fonoster,mined,6542,TypeScript,1031.0,94531.0,51,152,146,5430,0.69
RussellCanfield/wingman-ai,https://github.com/RussellCanfield/wingman-ai,mined,197,TypeScript,191.0,24306.0,2,35,34,506,0.98
buger/probe,https://github.com/buger/probe,mined,80,Rust,42.0,7666.0,2,16,5,250,0.85
2b3pro/roam-research-mcp,https://github.com/2b3pro/roam-research-mcp,mined,29,TypeScript,28.0,3117.0,2,1,0,52,
dcSpark/mcp-dockmaster,https://github.com/dcSpark/mcp-dockmaster,mined,11,TypeScript,69.0,8671.0,7,1,0,588,0.5
platformatic/mcp-node,https://github.com/platformatic/mcp-node,mined,26,TypeScript,11.0,1374.0,2,1,0,32,
tanevanwifferen/mcp-inception,https://github.com/tanevanwifferen/mcp-inception,mined,14,JavaScript,1.0,317.0,2,0,0,8,
ahonn/mcp-server-gsc,https://github.com/ahonn/mcp-server-gsc,mined,12,TypeScript,4.0,385.0,2,0,0,10,
zxkane/mcp-server-amazon-bedrock,https://github.com/zxkane/mcp-server-amazon-bedrock,mined,16,JavaScript,2.0,362.0,2,0,0,5,1.0
ragieai/ragie-typescript,https://github.com/ragieai/ragie-typescript,mined,17,TypeScript,203.0,16652.0,3,0,0,75,0.99
stefanskiasan/azure-devops-mcp-server,https://github.com/stefanskiasan/azure-devops-mcp-server,mined,11,TypeScript,26.0,1522.0,3,1,0,21,0.33
rahulretnan/mcp-ragdocs,https://github.com/rahulretnan/mcp-ragdocs,mined,13,TypeScript,28.0,2856.0,6,1,0,28,
DynamicEndpoints/supabase-mcp,https://github.com/DynamicEndpoints/supabase-mcp,mined,36,JavaScript,2.0,916.0,4,3,0,14,
ravitemer/mcp-hub,https://github.com/ravitemer/mcp-hub,mined,32,JavaScript,18.0,3429.0,3,5,4,90,
dazeb/cline-mcp-memory-bank,https://github.com/dazeb/cline-mcp-memory-bank,mined,13,JavaScript,1.0,860.0,2,1,1,20,
metatool-ai/mcp-server-metamcp,https://github.com/metatool-ai/mcp-server-metamcp,mined,24,TypeScript,12.0,1408.0,3,2,2,79,
adamwattis/mcp-proxy-server,https://github.com/adamwattis/mcp-proxy-server,mined,30,TypeScript,5.0,418.0,2,3,2,21,
spences10/mcp-sequentialthinking-tools,https://github.com/spences10/mcp-sequentialthinking-tools,mined,51,TypeScript,3.0,605.0,2,1,0,22,
daydreamsai/daydreams,https://github.com/daydreamsai/daydreams,mined,337,TypeScript,180.0,24871.0,20,48,38,821,0.45
VikashLoomba/copilot-mcp,https://github.com/VikashLoomba/copilot-mcp,mined,149,TypeScript,39.0,4660.0,4,22,15,80,0.6
smithery-ai/cli,https://github.com/smithery-ai/cli,mined,143,TypeScript,28.0,3528.0,8,45,28,163,0.51
webfansplz/vite-plugin-vue-mcp,https://github.com/webfansplz/vite-plugin-vue-mcp,mined,237,Vue,24.0,1906.0,3,14,5,47,
George5562/Jira-MCP-Server,https://github.com/George5562/Jira-MCP-Server,mined,25,JavaScript,1.0,840.0,1,3,0,4,
ryanjoachim/mcp-rtfm,https://github.com/ryanjoachim/mcp-rtfm,mined,33,JavaScript,1.0,1117.0,2,1,0,5,
squirrelogic/mcp-architect,https://github.com/squirrelogic/mcp-architect,mined,15,TypeScript,8.0,1009.0,1,0,0,2,
inkdropapp/mcp-server,https://github.com/inkdropapp/mcp-server,mined,12,JavaScript,3.0,414.0,2,0,0,19,
supercorp-ai/superargs,https://github.com/supercorp-ai/superargs,mined,20,JavaScript,1.0,347.0,1,0,0,18,
OpenManus/OpenManus-RL,https://github.com/OpenManus/OpenManus-RL,mined,1723,Python,833.0,95826.0,5,13,1,77,0.27
codegen-sh/codegen,https://github.com/codegen-sh/codegen,mined,393,Python,1331.0,103708.0,23,17,7,874,0.49
Percolation-Labs/percolate,https://github.com/Percolation-Labs/percolate,mined,36,Python,88.0,12492.0,3,0,0,191,0.33
zcf0508/vue-hook-optimizer,https://github.com/zcf0508/vue-hook-optimizer,mined,98,TypeScript,65.0,7131.0,3,0,0,287,0.8
Chrusic/todoist-mcp-server-extended,https://github.com/Chrusic/todoist-mcp-server-extended,mined,11,JavaScript,2.0,3282.0,5,0,0,84,
apify/tester-mcp-client,https://github.com/apify/tester-mcp-client,mined,24,TypeScript,9.0,1231.0,1,11,8,49,0.98
crazyrabbitLTC/mcp-etherscan-server,https://github.com/crazyrabbitLTC/mcp-etherscan-server,mined,12,TypeScript,4.0,422.0,1,0,0,3,
evalstate/mcp-webcam,https://github.com/evalstate/mcp-webcam,mined,14,TypeScript,17.0,1307.0,2,1,0,39,
mcp-get/community-servers,https://github.com/mcp-get/community-servers,mined,29,JavaScript,4.0,588.0,1,0,0,16,0.74
sendaifun/solana-agent-kit,https://github.com/sendaifun/solana-agent-kit,community,1212,TypeScript,815.0,63037.0,59,68,56,940,0.96
phil65/llmling-agent,https://github.com/phil65/llmling-agent,mined,14,Python,411.0,31692.0,1,0,0,2301,0.79
deepset-ai/haystack-core-integrations,https://github.com/deepset-ai/haystack-core-integrations,mined,138,Python,401.0,43694.0,100,515,434,1463,0.97
lastmile-ai/mcp-agent,https://github.com/lastmile-ai/mcp-agent,mined,1534,Python,127.0,12375.0,24,52,21,310,0.93
strowk/foxy-contexts,https://github.com/strowk/foxy-contexts,community,88,Go,77.0,7635.0,2,0,0,161,0.73
neo4j-contrib/mcp-neo4j,https://github.com/neo4j-contrib/mcp-neo4j,official,218,Python,13.0,1916.0,4,11,1,51,0.8
jamsocket/forevervm,https://github.com/jamsocket/forevervm,official,174,Rust,23.0,1987.0,5,2,1,136,0.78
zueai/mcp-manager,https://github.com/zueai/mcp-manager,community,187,TypeScript,23.0,1983.0,2,0,0,76,0.35
eqtylab/mcp-guardian,https://github.com/eqtylab/mcp-guardian,community,49,Rust,38.0,1982.0,3,39,30,131,0.77
metoro-io/metoro-mcp-server,https://github.com/metoro-io/metoro-mcp-server,official,36,Go,48.0,2369.0,2,8,6,75,0.97
marimo-team/codemirror-mcp,https://github.com/marimo-team/codemirror-mcp,community,58,TypeScript,16.0,1429.0,1,0,0,8,0.61
fiberplane/fiberplane,https://github.com/fiberplane/fiberplane,mined,262,TypeScript,1065.0,72574.0,13,45,36,465,0.83
panaversity/learn-agentic-ai,https://github.com/panaversity/learn-agentic-ai,mined,940,Jupyter Notebook,391.0,22000.0,14,1,0,1426,1.0
turlockmike/hataraku,https://github.com/turlockmike/hataraku,mined,29,TypeScript,225.0,22373.0,30,15,11,1958,0.86
DMontgomery40/mcp-3D-printer-server,https://github.com/DMontgomery40/mcp-3D-printer-server,mined,12,TypeScript,12.0,2307.0,2,0,0,12,
mhyrr/sketchup-mcp,https://github.com/mhyrr/sketchup-mcp,mined,17,Ruby,13.0,2464.0,1,2,0,7,
coinbase/x402,https://github.com/coinbase/x402,mined,14,TypeScript,55.0,4013.0,5,4,2,61,0.99
mahm/softwaredesign-llm-application,https://github.com/mahm/softwaredesign-llm-application,mined,13,Python,45.0,3127.0,1,0,0,73,
KelvinQiu802/cursor-mcp-demo,https://github.com/KelvinQiu802/cursor-mcp-demo,mined,40,Python,6.0,514.0,1,1,0,2,
devflowinc/trieve,https://github.com/devflowinc/trieve,mined,2001,Rust,1370.0,211647.0,50,1234,1220,5205,0.77
danny-avila/LibreChat,https://github.com/danny-avila/LibreChat,mined,23441,TypeScript,1526.0,148330.0,100,2376,2240,2553,0.92
microsoft/semanticworkbench,https://github.com/microsoft/semanticworkbench,mined,175,Python,818.0,74038.0,10,12,7,451,0.97
ai-christianson/RA.Aid,https://github.com/ai-christianson/RA.Aid,mined,1406,Python,293.0,32740.0,17,88,51,1131,0.72
agenticsorg/edge-agents,https://github.com/agenticsorg/edge-agents,mined,166,TypeScript,312.0,39410.0,1,0,0,79,
coinbase/agentkit,https://github.com/coinbase/agentkit,mined,603,Python,552.0,44728.0,50,54,31,369,0.87
Automattic/ai-experiments,https://github.com/Automattic/ai-experiments,mined,26,TypeScript,17.0,2419.0,1,0,0,5,
qdrant/mcp-server-qdrant,https://github.com/qdrant/mcp-server-qdrant,mined,246,Python,16.0,583.0,5,8,3,61,0.85
nganiet/mcp-vercel,https://github.com/nganiet/mcp-vercel,mined,15,TypeScript,17.0,934.0,1,0,0,26,
alibaba/higress,https://github.com/alibaba/higress,community,4896,Go,813.0,128317.0,100,904,568,1074,0.71
Alec2435/mcp-bot,https://github.com/Alec2435/mcp-bot,mined,47,TypeScript,2.0,418.0,1,0,0,2,0.38
aarora79/aws-cost-explorer-mcp-server,https://github.com/aarora79/aws-cost-explorer-mcp-server,community,80,Python,5.0,844.0,2,0,0,43,
kenliao94/mcp-server-rabbitmq,https://github.com/kenliao94/mcp-server-rabbitmq,community,13,Python,9.0,404.0,2,0,0,20,
gingerhendrix/cf-mcp-durable-object,https://github.com/gingerhendrix/cf-mcp-durable-object,mined,30,TypeScript,5.0,128.0,1,0,0,2,
66julienmartin/MCP-server-Qwen_Max,https://github.com/66julienmartin/MCP-server-Qwen_Max,community,11,JavaScript,2.0,134.0,4,0,0,13,
vectorize-io/vectorize-mcp-server,https://github.com/vectorize-io/vectorize-mcp-server,mined,40,JavaScript,1.0,292.0,4,0,0,21,
skydeckai/mcp-server-rememberizer,https://github.com/skydeckai/mcp-server-rememberizer,community,19,Python,4.0,360.0,5,0,0,22,
JordiNeil/mcp-databricks-server,https://github.com/JordiNeil/mcp-databricks-server,community,16,Python,2.0,234.0,1,1,1,5,
screenshotone/mcp,https://github.com/screenshotone/mcp,mined,15,TypeScript,1.0,68.0,3,0,0,10,
mark3labs/mcp-filesystem-server,https://github.com/mark3labs/mcp-filesystem-server,community,198,Go,2.0,1215.0,2,8,4,25,1.0
vrknetha/mcp-server-firecrawl,https://github.com/vrknetha/mcp-server-firecrawl,community,2497,JavaScript,5.0,1766.0,6,23,8,88,0.7
Automata-Labs-team/code-sandbox-mcp,https://github.com/Automata-Labs-team/code-sandbox-mcp,community,111,Go,15.0,1101.0,2,5,0,60,0.94
ergut/mcp-bigquery-server,https://github.com/ergut/mcp-bigquery-server,community,47,JavaScript,1.0,249.0,4,6,1,24,0.8
maton-ai/agent-toolkit,https://github.com/maton-ai/agent-toolkit,community,24,TypeScript,72.0,5365.0,2,0,0,20,0.0
adenot/mcp-google-search,https://github.com/adenot/mcp-google-search,community,13,JavaScript,2.0,223.0,2,0,0,16,0.5
ko1ynnky/github-actions-mcp-server,https://github.com/ko1ynnky/github-actions-mcp-server,community,19,TypeScript,6.0,843.0,4,0,0,12,0.83
run-llama/mcp-server-llamacloud,https://github.com/run-llama/mcp-server-llamacloud,community,71,JavaScript,3.0,168.0,3,1,1,12,0.86
stippi/code-assistant,https://github.com/stippi/code-assistant,community,28,Rust,0,0,6,4,2,379,0.91
XGenerationLab/xiyan_mcp_server,https://github.com/XGenerationLab/xiyan_mcp_server,community,60,Python,15.0,740.0,1,5,1,37,0.0
IBM/wxflows,https://github.com/IBM/wxflows,official,75,,59.0,2196.0,6,4,1,56,
Jeamee/MCPHub-Desktop,https://github.com/Jeamee/MCPHub-Desktop,community,103,TypeScript,34.0,2226.0,2,0,0,64,1.0
isaacwasserman/mcp-snowflake-server,https://github.com/isaacwasserman/mcp-snowflake-server,community,43,Python,4.0,670.0,3,9,5,60,0.9
mobile-next/mobile-mcp,https://github.com/mobile-next/mobile-mcp,community,190,TypeScript,12.0,1357.0,7,16,5,95,0.96
EnesCinr/twitter-mcp,https://github.com/EnesCinr/twitter-mcp,community,180,TypeScript,5.0,427.0,4,4,4,11,1.0
JexinSam/mssql_mcp_server,https://github.com/JexinSam/mssql_mcp_server,community,12,Python,4.0,210.0,1,1,0,7,1.0
chaindead/telegram-mcp,https://github.com/chaindead/telegram-mcp,community,26,Go,1.0,59.0,1,0,0,60,0.71
pfldy2850/py-mcp-naver,https://github.com/pfldy2850/py-mcp-naver,community,78,Python,5.0,514.0,1,0,0,22,
topoteretes/cognee,https://github.com/topoteretes/cognee,community,1938,Jupyter Notebook,655.0,25916.0,31,143,122,2302,0.67
grafana/mcp-grafana,https://github.com/grafana/mcp-grafana,official,500,Go,23.0,3594.0,12,33,17,180,0.77
heroku/heroku-mcp-server,https://github.com/heroku/heroku-mcp-server,official,17,TypeScript,42.0,5208.0,5,2,0,56,0.95
chroma-core/chroma-mcp,https://github.com/chroma-core/chroma-mcp,official,83,Python,4.0,1122.0,3,8,7,48,0.89
sirmews/mcp-pinecone,https://github.com/sirmews/mcp-pinecone,community,108,Python,9.0,874.0,2,4,0,56,1.0
its-dart/dart-mcp-server,https://github.com/its-dart/dart-mcp-server,official,38,JavaScript,3.0,820.0,3,2,1,44,1.0
translated/lara-mcp,https://github.com/translated/lara-mcp,official,41,TypeScript,24.0,1244.0,1,1,0,23,0.95
shannonlal/mcp-postman,https://github.com/shannonlal/mcp-postman,community,41,TypeScript,13.0,813.0,3,0,0,20,0.89
ClickHouse/mcp-clickhouse,https://github.com/ClickHouse/mcp-clickhouse,official,156,Python,5.0,276.0,10,6,4,37,0.8
GongRzhe/JSON-MCP-Server,https://github.com/GongRzhe/JSON-MCP-Server,community,31,JavaScript,3.0,1205.0,3,0,0,5,
Kong/mcp-konnect,https://github.com/Kong/mcp-konnect,community,22,TypeScript,9.0,1529.0,2,6,0,8,
ferrislucas/iterm-mcp,https://github.com/ferrislucas/iterm-mcp,community,263,TypeScript,6.0,613.0,3,5,3,66,
baryhuang/mcp-headless-gmail,https://github.com/baryhuang/mcp-headless-gmail,community,16,Python,3.0,482.0,1,1,1,13,
tesla0225/mcp-create,https://github.com/tesla0225/mcp-create,community,53,TypeScript,2.0,923.0,2,5,1,10,
aws-samples/sample-mcp-server-s3,https://github.com/aws-samples/sample-mcp-server-s3,community,32,Python,5.0,361.0,2,2,0,21,
ruixingshi/deepseek-thinker-mcp,https://github.com/ruixingshi/deepseek-thinker-mcp,community,39,JavaScript,2.0,177.0,3,2,0,15,
hannesj/mcp-graphql-schema,https://github.com/hannesj/mcp-graphql-schema,community,11,JavaScript,1.0,219.0,1,1,0,1,
amornpan/py-mcp-line,https://github.com/amornpan/py-mcp-line,community,13,Python,1.0,125.0,1,0,0,3,
tevonsb/homeassistant-mcp,https://github.com/tevonsb/homeassistant-mcp,community,208,TypeScript,47.0,8100.0,2,9,1,59,
horizondatawave/hdw-mcp-server,https://github.com/horizondatawave/hdw-mcp-server,community,13,JavaScript,2.0,1991.0,2,1,0,10,
apify/actors-mcp-server,https://github.com/apify/actors-mcp-server,official,87,TypeScript,17.0,1221.0,6,12,5,98,0.76
Omedia/mcp-server-drupal,https://github.com/Omedia/mcp-server-drupal,community,26,TypeScript,13.0,407.0,2,2,1,34,0.82
buryhuang/mcp-hubspot,https://github.com/buryhuang/mcp-hubspot,community,45,Python,3.0,532.0,4,4,2,38,
daobataotie/mssql-mcp,https://github.com/daobataotie/mssql-mcp,community,20,Python,2.0,409.0,1,0,0,11,
heurist-network/heurist-mesh-mcp-server,https://github.com/heurist-network/heurist-mesh-mcp-server,community,39,Python,3.0,264.0,4,2,0,17,
YuChenSSR/mindmap-mcp-server,https://github.com/YuChenSSR/mindmap-mcp-server,community,56,Python,3.0,69.0,1,2,2,23,
amornpan/py-mcp-mssql,https://github.com/amornpan/py-mcp-mssql,community,15,Python,5.0,189.0,1,0,0,2,
doobidoo/mcp-memory-service,https://github.com/doobidoo/mcp-memory-service,mined,59,Python,48.0,7997.0,6,13,3,115,0.27
coleam00/Archon,https://github.com/coleam00/Archon,mined,2567,Python,123.0,15704.0,11,55,43,47,0.66
ezyang/codemcp,https://github.com/ezyang/codemcp,mined,727,Python,73.0,8497.0,6,46,22,1030,0.3
modelcontextprotocol/python-sdk,https://github.com/modelcontextprotocol/python-sdk,mined,4798,Python,114.0,9265.0,46,233,111,391,0.68
script-money/apidance-py-sdk,https://github.com/script-money/apidance-py-sdk,mined,19,Python,9.0,1276.0,1,0,0,46,0.95
tumf/mcp-shell-server,https://github.com/tumf/mcp-shell-server,mined,37,Python,25.0,2602.0,2,1,1,142,0.74
blazickjp/arxiv-mcp-server,https://github.com/blazickjp/arxiv-mcp-server,mined,150,Python,24.0,1105.0,6,15,3,60,0.38
tuanle96/mcp-odoo,https://github.com/tuanle96/mcp-odoo,mined,14,Python,6.0,633.0,2,6,2,10,0.0
sirmews/apple-notes-mcp,https://github.com/sirmews/apple-notes-mcp,mined,57,Python,4.0,554.0,2,4,1,20,0.86
vinayak-mehta/mcp-browser-use,https://github.com/vinayak-mehta/mcp-browser-use,mined,30,Python,3.0,343.0,2,4,2,25,0.85
GasStationManager/LeanTool,https://github.com/GasStationManager/LeanTool,mined,17,Python,5.0,804.0,1,10,5,65,0.95
matthewhand/mcp-flowise,https://github.com/matthewhand/mcp-flowise,mined,18,Python,13.0,777.0,3,0,0,90,0.58
appwrite/mcp,https://github.com/appwrite/mcp,mined,26,Python,5.0,220.0,5,2,0,53,0.8
SecretiveShell/MCP-searxng,https://github.com/SecretiveShell/MCP-searxng,mined,31,Python,7.0,156.0,3,0,0,19,
MladenSU/cli-mcp-server,https://github.com/MladenSU/cli-mcp-server,mined,43,Python,2.0,216.0,3,1,1,15,
lsd-so/lsd-mcp,https://github.com/lsd-so/lsd-mcp,mined,60,Python,2.0,91.0,5,1,0,67,
Siddhant-K-code/memory-journal-mcp-server,https://github.com/Siddhant-K-code/memory-journal-mcp-server,mined,13,Python,1.0,319.0,2,0,0,3,
minhalvp/android-mcp-server,https://github.com/minhalvp/android-mcp-server,mined,13,Python,2.0,165.0,2,3,3,12,
mzxrai/mcp-openai,https://github.com/mzxrai/mcp-openai,mined,28,JavaScript,1.0,123.0,1,0,0,8,0.33
jsonallen/perplexity-mcp,https://github.com/jsonallen/perplexity-mcp,mined,77,Python,3.0,184.0,5,3,2,30,
piplabs/story-mcp-hub,https://github.com/piplabs/story-mcp-hub,mined,11,Python,10.0,1849.0,5,0,0,28,1.0
alexander-zuev/supabase-mcp-server,https://github.com/alexander-zuev/supabase-mcp-server,mined,442,Python,62.0,7103.0,2,40,28,120,0.78
Davidyz/VectorCode,https://github.com/Davidyz/VectorCode,mined,161,Python,38.0,4971.0,8,27,24,436,0.86
jroakes/CrawlnChat,https://github.com/jroakes/CrawlnChat,mined,22,Python,21.0,1529.0,2,2,1,13,
hald/things-mcp,https://github.com/hald/things-mcp,mined,11,Python,5.0,865.0,2,1,1,9,
weidwonder/crawl4ai-mcp-server,https://github.com/weidwonder/crawl4ai-mcp-server,mined,36,Python,5.0,335.0,2,1,1,13,
jasonsum/gmail-mcp-server,https://github.com/jasonsum/gmail-mcp-server,mined,17,Python,2.0,459.0,2,2,1,24,
neondatabase/mcp-server-neon,https://github.com/neondatabase/mcp-server-neon,official,181,TypeScript,20.0,2300.0,8,9,7,61,0.7
runekaagaard/mcp-alchemy,https://github.com/runekaagaard/mcp-alchemy,mined,79,Python,2.0,125.0,4,5,5,72,
emqx/MQTTX,https://github.com/emqx/MQTTX,mined,4179,TypeScript,400.0,52450.0,34,464,370,1832,0.91
GongRzhe/terminal-controller-mcp,https://github.com/GongRzhe/terminal-controller-mcp,community,22,Python,2.0,674.0,2,1,0,22,1.0
Cheffromspace/MCPControl,https://github.com/Cheffromspace/MCPControl,mined,14,TypeScript,39.0,4220.0,2,27,17,188,0.77
BurtTheCoder/mcp-maigret,https://github.com/BurtTheCoder/mcp-maigret,mined,24,JavaScript,2.0,289.0,5,1,0,34,0.92
ChanMeng666/server-google-news,https://github.com/ChanMeng666/server-google-news,mined,18,JavaScript,3.0,290.0,4,2,0,59,0.14
punkpeye/fastmcp,https://github.com/punkpeye/fastmcp,community,1135,TypeScript,6.0,2563.0,10,25,13,117,0.79
ac3xx/mcp-servers-kagi,https://github.com/ac3xx/mcp-servers-kagi,mined,22,TypeScript,5.0,443.0,2,2,0,6,1.0
modelcontextprotocol/create-typescript-server,https://github.com/modelcontextprotocol/create-typescript-server,mined,131,JavaScript,1.0,164.0,2,4,1,49,0.99
GoPlausible/algorand-mcp,https://github.com/GoPlausible/algorand-mcp,community,27,TypeScript,84.0,14294.0,2,0,0,129,
XeroAPI/xero-mcp-server,https://github.com/XeroAPI/xero-mcp-server,official,39,TypeScript,112.0,5487.0,10,5,2,71,
ravenwits/mcp-server-arangodb,https://github.com/ravenwits/mcp-server-arangodb,community,15,TypeScript,5.0,480.0,3,0,0,32,
rishikavikondala/mcp-server-aws,https://github.com/rishikavikondala/mcp-server-aws,community,101,Python,5.0,812.0,5,3,2,14,
needle-ai/needle-mcp,https://github.com/needle-ai/needle-mcp,official,33,Python,3.0,350.0,4,0,0,25,
Omar-v2/mcp-ical,https://github.com/Omar-v2/mcp-ical,community,55,Python,6.0,793.0,1,4,0,5,
Simon-Kansara/ableton-live-mcp-server,https://github.com/Simon-Kansara/ableton-live-mcp-server,community,205,Python,2.0,280.0,2,1,0,18,
zenml-io/mcp-zenml,https://github.com/zenml-io/mcp-zenml,official,16,Python,1.0,625.0,1,0,0,36,
felores/airtable-mcp,https://github.com/felores/airtable-mcp,community,29,JavaScript,3.0,645.0,1,3,1,28,
makenotion/notion-mcp-server,https://github.com/makenotion/notion-mcp-server,official,1149,TypeScript,19.0,3886.0,5,12,3,42,
xxxbrian/mcp-rquest,https://github.com/xxxbrian/mcp-rquest,community,14,Python,4.0,624.0,1,0,0,31,
burningion/video-editing-mcp,https://github.com/burningion/video-editing-mcp,community,104,Python,9.0,1559.0,3,1,0,135,
jjsantos01/qgis_mcp,https://github.com/jjsantos01/qgis_mcp,community,434,Python,5.0,754.0,1,6,4,8,
GongRzhe/TRAVEL-PLANNER-MCP-Server,https://github.com/GongRzhe/TRAVEL-PLANNER-MCP-Server,community,30,JavaScript,2.0,182.0,4,0,0,8,
ognis1205/mcp-server-unitycatalog,https://github.com/ognis1205/mcp-server-unitycatalog,community,12,Python,11.0,548.0,1,0,0,58,
GeLi2001/shopify-mcp,https://github.com/GeLi2001/shopify-mcp,community,21,TypeScript,9.0,1334.0,1,0,0,15,
isaacwasserman/mcp-vegalite-server,https://github.com/isaacwasserman/mcp-vegalite-server,community,52,Python,2.0,155.0,1,2,0,5,
ihor-sokoliuk/mcp-searxng,https://github.com/ihor-sokoliuk/mcp-searxng,community,51,JavaScript,2.0,203.0,4,2,2,16,
manusa/kubernetes-mcp-server,https://github.com/manusa/kubernetes-mcp-server,community,89,Go,32.0,3510.0,5,12,8,125,0.88
gannonh/firebase-mcp,https://github.com/gannonh/firebase-mcp,community,78,TypeScript,15.0,6190.0,4,28,6,135,0.76
mamertofabian/elevenlabs-mcp-server,https://github.com/mamertofabian/elevenlabs-mcp-server,community,72,Python,19.0,1818.0,3,1,0,66,0.83
oxylabs/oxylabs-mcp,https://github.com/oxylabs/oxylabs-mcp,official,14,Python,17.0,1036.0,6,0,0,28,0.86
cr7258/elasticsearch-mcp-server,https://github.com/cr7258/elasticsearch-mcp-server,community,98,Python,21.0,471.0,5,5,3,72,0.69
syucream/lightdash-mcp-server,https://github.com/syucream/lightdash-mcp-server,community,13,JavaScript,6.0,630.0,4,0,0,44,0.9
ChristophEnglisch/keycloak-model-context-protocol,https://github.com/ChristophEnglisch/keycloak-model-context-protocol,community,18,TypeScript,1.0,174.0,2,2,0,5,1.0
cyberchitta/scrapling-fetch-mcp,https://github.com/cyberchitta/scrapling-fetch-mcp,community,12,Python,6.0,350.0,1,0,0,41,
vidhupv/x-mcp,https://github.com/vidhupv/x-mcp,community,48,Python,3.0,274.0,3,0,0,16,
SimonB97/win-cli-mcp-server,https://github.com/SimonB97/win-cli-mcp-server,community,131,JavaScript,9.0,1565.0,2,11,9,41,
box-community/mcp-server-box,https://github.com/box-community/mcp-server-box,official,12,Python,9.0,488.0,3,3,2,27,
CircleCI-Public/mcp-server-circleci,https://github.com/CircleCI-Public/mcp-server-circleci,official,12,TypeScript,30.0,1540.0,2,1,0,37,
r-huijts/ns-mcp-server,https://github.com/r-huijts/ns-mcp-server,community,22,TypeScript,6.0,1119.0,3,1,1,42,
bigcodegen/mcp-neovim-server,https://github.com/bigcodegen/mcp-neovim-server,community,111,TypeScript,2.0,509.0,2,0,0,25,
anshumax/world_bank_mcp_server,https://github.com/anshumax/world_bank_mcp_server,community,16,Python,3.0,117.0,3,0,0,9,
Laksh-star/mcp-server-tmdb,https://github.com/Laksh-star/mcp-server-tmdb,community,24,JavaScript,2.0,261.0,3,2,0,13,
calclavia/mcp-obsidian,https://github.com/calclavia/mcp-obsidian,community,676,JavaScript,1.0,237.0,2,19,9,11,
oatpp/oatpp-mcp,https://github.com/oatpp/oatpp-mcp,community,34,C++,0,0,2,3,3,32,
SecretiveShell/MCP-Bridge,https://github.com/SecretiveShell/MCP-Bridge,mined,490,Python,55.0,1863.0,9,27,16,205,0.99
hungryrobot1/MCP-PIF,https://github.com/hungryrobot1/MCP-PIF,community,21,TypeScript,12.0,1667.0,2,0,0,16,
mixelpixx/Google-Search-MCP-Server,https://github.com/mixelpixx/Google-Search-MCP-Server,mined,23,TypeScript,5.0,636.0,1,1,0,12,
andybrandt/mcp-simple-pubmed,https://github.com/andybrandt/mcp-simple-pubmed,mined,29,Python,8.0,607.0,3,1,0,24,
Hawstein/mcp-server-reddit,https://github.com/Hawstein/mcp-server-reddit,mined,18,Python,4.0,404.0,3,1,0,14,
varunneal/spotify-mcp,https://github.com/varunneal/spotify-mcp,community,197,Python,4.0,525.0,5,9,4,24,
sparfenyuk/mcp-telegram,https://github.com/sparfenyuk/mcp-telegram,mined,38,Python,5.0,263.0,2,0,0,17,
da-okazaki/mcp-neo4j-server,https://github.com/da-okazaki/mcp-neo4j-server,community,34,TypeScript,4.0,311.0,3,0,0,15,
wong2/awesome-mcp-servers,https://github.com/wong2/awesome-mcp-servers,community,873,,0,0,100,6,6,164,
SciPhi-AI/R2R,https://github.com/SciPhi-AI/R2R,mined,5708,Python,304.0,66029.0,51,259,191,2027,0.7
cline/cline,https://github.com/cline/cline,mined,35737,TypeScript,242.0,38501.0,100,1182,679,2046,0.83
presidio-oss/cline-based-code-generator,https://github.com/presidio-oss/cline-based-code-generator,mined,30,TypeScript,289.0,45110.0,8,17,8,74,0.91
pixeltable/pixeltable,https://github.com/pixeltable/pixeltable,mined,164,Python,312.0,40416.0,9,74,63,712,0.76
i-am-bee/beeai-framework,https://github.com/i-am-bee/beeai-framework,mined,2093,TypeScript,538.0,34199.0,39,265,234,931,0.89
msoedov/agentic_security,https://github.com/msoedov/agentic_security,mined,1171,Python,104.0,9920.0,16,72,20,581,0.68
sigoden/llm-functions,https://github.com/sigoden/llm-functions,mined,452,Shell,15.0,1260.0,7,39,38,182,0.98
CopilotKit/open-mcp-client,https://github.com/CopilotKit/open-mcp-client,mined,781,TypeScript,22.0,1526.0,10,8,1,71,
elie222/inbox-zero,https://github.com/elie222/inbox-zero,official,5535,TypeScript,806.0,64022.0,22,121,60,4332,0.84
yamadashy/repomix,https://github.com/yamadashy/repomix,mined,13474,TypeScript,193.0,16909.0,42,114,46,1043,0.85
modelcontextprotocol/inspector,https://github.com/modelcontextprotocol/inspector,mined,878,TypeScript,65.0,6574.0,41,96,66,693,0.82
TimHolden/figma-mcp-server,https://github.com/TimHolden/figma-mcp-server,mined,83,TypeScript,22.0,1987.0,2,5,3,52,
wonderwhy-er/ClaudeDesktopCommander,https://github.com/wonderwhy-er/ClaudeDesktopCommander,mined,195,TypeScript,46.0,5099.0,11,26,13,194,1.0
langchain-ai/langchainjs-mcp-adapters,https://github.com/langchain-ai/langchainjs-mcp-adapters,mined,32,TypeScript,16.0,2338.0,4,20,17,73,0.7
alioshr/memory-bank-mcp,https://github.com/alioshr/memory-bank-mcp,mined,69,JavaScript,113.0,2654.0,5,10,3,45,
dkmaker/mcp-rest-api,https://github.com/dkmaker/mcp-rest-api,mined,23,JavaScript,4.0,513.0,2,2,2,39,0.96
kazuph/mcp-taskmanager,https://github.com/kazuph/mcp-taskmanager,mined,28,JavaScript,1.0,773.0,2,1,0,8,
peng-shawn/mermaid-mcp-server,https://github.com/peng-shawn/mermaid-mcp-server,mined,13,JavaScript,2.0,377.0,3,4,3,25,1.0
sugarforever/chat-ollama,https://github.com/sugarforever/chat-ollama,mined,3093,TypeScript,140.0,10801.0,20,402,164,667,0.81
tadasant/mcp-server-stability-ai,https://github.com/tadasant/mcp-server-stability-ai,mined,40,TypeScript,26.0,6388.0,4,10,3,42,
niledatabase/nile-mcp-server,https://github.com/niledatabase/nile-mcp-server,mined,13,TypeScript,10.0,1897.0,4,0,0,78,0.87
Dhravya/mcp-durable-object-client,https://github.com/Dhravya/mcp-durable-object-client,mined,50,TypeScript,20.0,1358.0,1,0,0,4,
jasonjmcghee/claude-debugs-for-you,https://github.com/jasonjmcghee/claude-debugs-for-you,mined,200,TypeScript,8.0,906.0,3,9,4,65,
joshrutkowski/applescript-mcp,https://github.com/joshrutkowski/applescript-mcp,mined,100,TypeScript,9.0,663.0,1,1,0,20,
zcaceres/markdownify-mcp,https://github.com/zcaceres/markdownify-mcp,mined,989,TypeScript,5.0,374.0,3,4,0,16,
daipendency/daipendency-mcp,https://github.com/daipendency/daipendency-mcp,mined,47,TypeScript,7.0,132.0,1,2,0,15,
kleneway/awesome-cursor-mpc-server,https://github.com/kleneway/awesome-cursor-mpc-server,mined,240,TypeScript,4.0,248.0,1,1,0,3,
basicmachines-co/basic-memory,https://github.com/basicmachines-co/basic-memory,community,499,Python,159.0,15224.0,8,43,28,690,0.69
InditexTech/mcp-server-simulator-ios-idb,https://github.com/InditexTech/mcp-server-simulator-ios-idb,community,46,TypeScript,22.0,2784.0,5,3,3,36,0.3
calvernaz/alphavantage,https://github.com/calvernaz/alphavantage,community,30,Python,5.0,6742.0,3,4,4,37,
voska/hass-mcp,https://github.com/voska/hass-mcp,community,43,Python,9.0,1364.0,1,2,1,7,0.86
Vortiago/mcp-azure-devops,https://github.com/Vortiago/mcp-azure-devops,community,23,Python,37.0,2403.0,1,7,0,16,
rember/rember-mcp,https://github.com/rember/rember-mcp,official,26,TypeScript,11.0,923.0,1,0,0,49,
fatwang2/search1api-mcp,https://github.com/fatwang2/search1api-mcp,official,114,TypeScript,15.0,946.0,2,5,4,65,
StarRocks/mcp-server-starrocks,https://github.com/StarRocks/mcp-server-starrocks,official,14,Python,2.0,208.0,1,2,1,4,
InditexTech/mcp-teams-server,https://github.com/InditexTech/mcp-teams-server,community,48,Python,8.0,629.0,2,1,0,100,0.57
agentrpc/agentrpc,https://github.com/agentrpc/agentrpc,official,55,TypeScript,49.0,3952.0,4,1,1,374,0.62
singlestore-labs/mcp-server-singlestore,https://github.com/singlestore-labs/mcp-server-singlestore,official,11,Python,8.0,894.0,5,9,3,45,0.65
dvcrn/mcp-server-siri-shortcuts,https://github.com/dvcrn/mcp-server-siri-shortcuts,community,105,TypeScript,4.0,353.0,1,0,0,8,
pab1it0/chess-mcp,https://github.com/pab1it0/chess-mcp,community,23,Python,5.0,406.0,1,0,0,22,0.87
tinyfish-io/agentql-mcp,https://github.com/tinyfish-io/agentql-mcp,official,45,JavaScript,2.0,109.0,2,1,0,47,0.95
githejie/mcp-server-calculator,https://github.com/githejie/mcp-server-calculator,community,24,Python,5.0,114.0,1,0,0,6,0.8
bankless/onchain-mcp,https://github.com/bankless/onchain-mcp,official,26,TypeScript,12.0,1163.0,2,1,1,53,0.91
axiomhq/mcp-server-axiom,https://github.com/axiomhq/mcp-server-axiom,official,32,Go,2.0,230.0,2,0,0,6,0.5
chigwell/telegram-mcp,https://github.com/chigwell/telegram-mcp,community,34,Python,1.0,59.0,2,0,0,15,
hannesj/mcp-openapi-schema,https://github.com/hannesj/mcp-openapi-schema,community,18,JavaScript,2.0,631.0,1,0,0,1,
esignaturescom/mcp-server-esignatures,https://github.com/esignaturescom/mcp-server-esignatures,official,11,Python,6.0,468.0,2,0,0,11,
financial-datasets/mcp-server,https://github.com/financial-datasets/mcp-server,official,197,Python,1.0,156.0,2,1,0,14,
pyroprompts/any-chat-completions-mcp,https://github.com/pyroprompts/any-chat-completions-mcp,community,100,JavaScript,1.0,115.0,2,2,0,8,
fireproof-storage/mcp-database-server,https://github.com/fireproof-storage/mcp-database-server,official,15,JavaScript,1.0,156.0,1,1,0,6,
oschina/mcp-gitee,https://github.com/oschina/mcp-gitee,official,19,Go,39.0,2148.0,3,2,1,26,
scorzeth/anki-mcp-server,https://github.com/scorzeth/anki-mcp-server,community,78,JavaScript,1.0,259.0,1,3,1,22,
apappascs/mcp-servers-hub,https://github.com/apappascs/mcp-servers-hub,community,176,,0,0,2,1,1,56,
mcpx-dev/mcp-badges,https://github.com/mcpx-dev/mcp-badges,community,15,,0,0,1,0,0,8,
deepfates/mcp-replicate,https://github.com/deepfates/mcp-replicate,community,33,TypeScript,25.0,3712.0,1,4,0,28,
benborla/mcp-server-mysql,https://github.com/benborla/mcp-server-mysql,community,225,TypeScript,10.0,1818.0,7,20,11,103,0.85
strowk/mcp-k8s-go,https://github.com/strowk/mcp-k8s-go,community,244,Go,34.0,2284.0,8,10,5,285,0.83
kiliczsh/mcp-mongo-server,https://github.com/kiliczsh/mcp-mongo-server,community,134,TypeScript,12.0,1471.0,5,10,8,33,0.91
domdomegg/airtable-mcp-server,https://github.com/domdomegg/airtable-mcp-server,community,107,TypeScript,9.0,1847.0,3,9,4,31,0.79
ramp-public/ramp-mcp,https://github.com/ramp-public/ramp-mcp,official,12,Python,8.0,687.0,1,0,0,1,
elastic/mcp-server-elasticsearch,https://github.com/elastic/mcp-server-elasticsearch,official,91,JavaScript,3.0,463.0,4,13,5,25,
zcaceres/mcp-markdownify-server,https://github.com/zcaceres/mcp-markdownify-server,community,1305,TypeScript,5.0,374.0,3,5,0,16,
kukapay/dune-analytics-mcp,https://github.com/kukapay/dune-analytics-mcp,community,14,Python,1.0,70.0,1,0,0,5,
GLips/Figma-Context-MCP,https://github.com/GLips/Figma-Context-MCP,community,5132,TypeScript,15.0,1339.0,7,65,55,69,
baryhuang/mcp-server-any-openapi,https://github.com/baryhuang/mcp-server-any-openapi,community,24,Python,4.0,329.0,2,2,2,27,
Boston343/starwind-ui-mcp,https://github.com/Boston343/starwind-ui-mcp,community,12,TypeScript,13.0,910.0,2,0,0,4,
jerhadf/linear-mcp-server,https://github.com/jerhadf/linear-mcp-server,community,253,JavaScript,1.0,996.0,2,10,3,17,
reading-plus-ai/mcp-server-data-exploration,https://github.com/reading-plus-ai/mcp-server-data-exploration,community,254,Python,3.0,397.0,2,6,0,7,
ConechoAI/openai-websearch-mcp,https://github.com/ConechoAI/openai-websearch-mcp,community,34,Python,4.0,174.0,2,0,0,19,
wilsonchenghy/ShaderToy-MCP,https://github.com/wilsonchenghy/ShaderToy-MCP,community,11,Python,2.0,39.0,1,0,0,6,
anaisbetts/mcp-installer,https://github.com/anaisbetts/mcp-installer,community,951,JavaScript,2.0,383.0,1,11,3,12,
liuyoshio/mcp-compass,https://github.com/liuyoshio/mcp-compass,community,61,JavaScript,1.0,141.0,2,1,0,16,
aliyun/alibabacloud-hologres-mcp-server,https://github.com/aliyun/alibabacloud-hologres-mcp-server,official,15,Python,3.0,520.0,1,0,0,17,
privetin/dataset-viewer,https://github.com/privetin/dataset-viewer,community,12,Python,2.0,601.0,1,0,0,3,
mailgun/mailgun-mcp-server,https://github.com/mailgun/mailgun-mcp-server,official,11,JavaScript,3.0,615.0,2,0,0,6,
DMontgomery40/deepseek-mcp-server,https://github.com/DMontgomery40/deepseek-mcp-server,community,197,JavaScript,3.0,426.0,4,3,2,21,
mcpso/mcp-server-chatsum,https://github.com/mcpso/mcp-server-chatsum,community,897,TypeScript,9.0,385.0,1,4,0,3,
VeyraX/veyrax-mcp,https://github.com/VeyraX/veyrax-mcp,official,24,TypeScript,8.0,193.0,2,2,2,15,
wong2/mcp-cli,https://github.com/wong2/mcp-cli,community,235,JavaScript,4.0,279.0,2,7,4,42,
gotohuman/gotohuman-mcp-server,https://github.com/gotohuman/gotohuman-mcp-server,official,14,TypeScript,1.0,131.0,2,0,0,3,
langfuse/mcp-server-langfuse,https://github.com/langfuse/mcp-server-langfuse,official,50,TypeScript,2.0,215.0,1,1,0,9,
chatmcp/mcp-directory,https://github.com/chatmcp/mcp-directory,community,1005,TypeScript,61.0,3732.0,2,34,24,20,
dmayboroda/minima,https://github.com/dmayboroda/minima,community,705,Python,42.0,1706.0,6,17,10,81,
GongRzhe/Image-Generation-MCP-Server,https://github.com/GongRzhe/Image-Generation-MCP-Server,community,17,JavaScript,1.0,176.0,2,0,0,7,
iflytek/ifly-workflow-mcp-server,https://github.com/iflytek/ifly-workflow-mcp-server,community,19,Python,7.0,271.0,1,0,0,12,
kukapay/crypto-feargreed-mcp,https://github.com/kukapay/crypto-feargreed-mcp,community,12,Python,1.0,93.0,1,0,0,4,
kukapay/cryptopanic-mcp-server,https://github.com/kukapay/cryptopanic-mcp-server,community,19,Python,1.0,43.0,2,0,0,3,
badkk/awesome-crypto-mcp-servers,https://github.com/badkk/awesome-crypto-mcp-servers,community,57,,0,0,2,0,0,7,
appcypher/awesome-mcp-servers,https://github.com/appcypher/awesome-mcp-servers,community,2637,,0,0,70,6,0,95,
punkpeye/awesome-mcp-servers,https://github.com/punkpeye/awesome-mcp-servers,community,37801,,0,0,100,46,42,1399,
jacksteamdev/obsidian-mcp-tools,https://github.com/jacksteamdev/obsidian-mcp-tools,mined,53,TypeScript,58.0,3158.0,1,0,0,141,0.29
syedazharmbnr1/ClaudeMCPServer,https://github.com/syedazharmbnr1/ClaudeMCPServer,mined,22,Python,20.0,1283.0,1,0,0,22,
AI-FE/dify-mcp-server,https://github.com/AI-FE/dify-mcp-server,mined,17,JavaScript,1.0,220.0,1,0,0,2,
ccabanillas/notion-mcp,https://github.com/ccabanillas/notion-mcp,mined,48,Python,6.0,416.0,1,1,0,4,
chatmcp/mcp-server-chatsum,https://github.com/chatmcp/mcp-server-chatsum,mined,806,TypeScript,9.0,385.0,1,3,0,3,
farzad528/mcp-server-azure-ai-agents,https://github.com/farzad528/mcp-server-azure-ai-agents,mined,25,Python,2.0,316.0,1,0,0,8,
cliffhall/GooseTeam,https://github.com/cliffhall/GooseTeam,mined,30,TypeScript,23.0,912.0,1,1,1,73,
markelaugust74/mcp-google-calendar,https://github.com/markelaugust74/mcp-google-calendar,mined,17,JavaScript,3.0,160.0,1,2,2,8,
ergut/mcp-logseq-server,https://github.com/ergut/mcp-logseq-server,mined,25,Python,4.0,263.0,1,0,0,3,
langflow-ai/langflow,https://github.com/langflow-ai/langflow,mined,52334,Python,2124.0,174847.0,100,2158,1761,15659,0.72
johnneerdael/multiplatform-cursor-mcp,https://github.com/johnneerdael/multiplatform-cursor-mcp,mined,46,TypeScript,127.0,30452.0,1,0,0,3,
seanchatmangpt/dslmodel,https://github.com/seanchatmangpt/dslmodel,mined,23,Python,291.0,34339.0,2,3,3,26,0.0
get-convex/convex-js,https://github.com/get-convex/convex-js,mined,143,TypeScript,256.0,37050.0,20,20,7,484,0.42
Azure-Samples/AI-Gateway,https://github.com/Azure-Samples/AI-Gateway,mined,427,Jupyter Notebook,181.0,17158.0,19,15,8,287,0.91
kagent-dev/kagent,https://github.com/kagent-dev/kagent,mined,260,Python,244.0,44190.0,19,92,65,435,0.92
npi-ai/npi,https://github.com/npi-ai/npi,mined,211,Python,243.0,12799.0,3,30,24,668,1.0
mannaandpoem/OpenManus,https://github.com/mannaandpoem/OpenManus,mined,38130,Python,69.0,6793.0,41,633,190,382,0.51
justinpbarnett/unity-mcp,https://github.com/justinpbarnett/unity-mcp,mined,632,C#,36.0,508.0,5,52,31,115,
run-llama/llama_index,https://github.com/run-llama/llama_index,mined,40204,Python,4711.0,513629.0,100,6106,5394,6281,0.83
Matmax-Worldwide/payloadcmsmcp,https://github.com/Matmax-Worldwide/payloadcmsmcp,mined,15,HTML,24.0,6962.0,2,4,1,135,
ai-hero-dev/ai-hero,https://github.com/ai-hero-dev/ai-hero,mined,644,TypeScript,205.0,9324.0,3,2,1,284,0.49
makafeli/n8n-workflow-builder,https://github.com/makafeli/n8n-workflow-builder,mined,104,JavaScript,12.0,1294.0,4,4,1,37,
mario-andreschak/FLUJO,https://github.com/mario-andreschak/FLUJO,mined,208,TypeScript,260.0,36427.0,4,20,4,114,0.94
Ejb503/multimodal-mcp-client,https://github.com/Ejb503/multimodal-mcp-client,mined,142,TypeScript,211.0,23775.0,3,12,7,94,
gensx-inc/gensx,https://github.com/gensx-inc/gensx,mined,366,TypeScript,259.0,24427.0,5,128,72,390,0.87
ssut/Remote-MCP,https://github.com/ssut/Remote-MCP,mined,72,TypeScript,9.0,807.0,2,3,0,29,1.0
spences10/mcp-svelte-docs,https://github.com/spences10/mcp-svelte-docs,mined,14,TypeScript,5.0,980.0,3,3,1,51,
AbdelStark/nostr-mcp,https://github.com/AbdelStark/nostr-mcp,mined,17,TypeScript,10.0,751.0,2,1,1,23,1.0
Garoth/wolframalpha-llm-mcp,https://github.com/Garoth/wolframalpha-llm-mcp,mined,23,TypeScript,8.0,857.0,3,1,0,19,
maoxiaoke/mcp-media-processor,https://github.com/maoxiaoke/mcp-media-processor,mined,13,JavaScript,2.0,533.0,2,0,0,14,
TheSethRose/MCP-Server-Starter,https://github.com/TheSethRose/MCP-Server-Starter,mined,14,TypeScript,5.0,293.0,2,0,0,19,
AllAboutAI-YT/mcp-servers,https://github.com/AllAboutAI-YT/mcp-servers,mined,63,JavaScript,4.0,317.0,24,0,0,249,
nahmanmate/code-research-mcp-server,https://github.com/nahmanmate/code-research-mcp-server,mined,25,JavaScript,2.0,491.0,3,0,0,10,
Jacck/mcp-reasoner,https://github.com/Jacck/mcp-reasoner,mined,120,TypeScript,10.0,1402.0,3,3,1,26,
ibraheem4/linear-mcp,https://github.com/ibraheem4/linear-mcp,mined,23,JavaScript,1.0,628.0,3,8,5,16,
spences10/mcp-memory-libsql,https://github.com/spences10/mcp-memory-libsql,mined,34,TypeScript,6.0,933.0,4,2,0,64,0.68
Arodoid/UnityMCP,https://github.com/Arodoid/UnityMCP,mined,298,C#,4.0,546.0,4,13,4,20,
CamdenClark/jira-mcp,https://github.com/CamdenClark/jira-mcp,mined,17,JavaScript,2.0,196.0,4,2,1,16,
winor30/mcp-server-datadog,https://github.com/winor30/mcp-server-datadog,mined,11,TypeScript,48.0,3405.0,7,4,2,45,0.91
angiejones/mcp-selenium,https://github.com/angiejones/mcp-selenium,mined,12,JavaScript,2.0,40.0,2,2,2,67,
recursechat/mcp-server-apple-shortcuts,https://github.com/recursechat/mcp-server-apple-shortcuts,mined,91,JavaScript,1.0,156.0,2,1,1,12,
AzureCosmosDB/azure-cosmos-mcp-server,https://github.com/AzureCosmosDB/azure-cosmos-mcp-server,mined,11,JavaScript,1.0,207.0,5,3,2,17,
smithery-ai/mcp-obsidian,https://github.com/smithery-ai/mcp-obsidian,mined,424,JavaScript,1.0,237.0,2,18,9,11,
waldzellai/waldzell-mcp,https://github.com/waldzellai/waldzell-mcp,mined,47,TypeScript,62.0,6769.0,3,2,0,113,0.0
aaronsb/google-workspace-mcp,https://github.com/aaronsb/google-workspace-mcp,mined,17,TypeScript,83.0,11267.0,3,5,3,279,0.91
Ejb503/systemprompt-mcp-notion,https://github.com/Ejb503/systemprompt-mcp-notion,mined,13,TypeScript,51.0,7396.0,3,0,0,25,0.89
Quegenx/vercel-mcp-server,https://github.com/Quegenx/vercel-mcp-server,mined,17,TypeScript,29.0,5449.0,2,1,1,3,
smithery-ai/typescript-sdk,https://github.com/smithery-ai/typescript-sdk,mined,135,TypeScript,11.0,661.0,4,141,70,99,0.11
auchenberg/claude-code-mcp,https://github.com/auchenberg/claude-code-mcp,mined,40,JavaScript,12.0,2006.0,2,3,1,9,
Automata-Labs-team/MCP-Server-Playwright,https://github.com/Automata-Labs-team/MCP-Server-Playwright,mined,74,JavaScript,2.0,700.0,4,5,1,72,0.85
DaInfernalCoder/perplexity-mcp,https://github.com/DaInfernalCoder/perplexity-mcp,mined,139,JavaScript,2.0,236.0,4,4,4,44,0.57
rekog-labs/MCP-Nest,https://github.com/rekog-labs/MCP-Nest,mined,24,TypeScript,19.0,1197.0,5,2,1,27,
settlemint/sdk,https://github.com/settlemint/sdk,mined,13,TypeScript,362.0,18921.0,8,2,1,1370,0.77
Unstructured-IO/unstructured-js-client,https://github.com/Unstructured-IO/unstructured-js-client,mined,49,TypeScript,76.0,5939.0,14,20,13,188,0.9
TanStack/create-tsrouter-app,https://github.com/TanStack/create-tsrouter-app,mined,745,TypeScript,96.0,6062.0,26,25,19,285,0.84
CheMiguel23/MemoryMesh,https://github.com/CheMiguel23/MemoryMesh,mined,94,TypeScript,71.0,5080.0,3,4,3,90,
Braffolk/mcp-summarization-functions,https://github.com/Braffolk/mcp-summarization-functions,mined,19,TypeScript,18.0,1795.0,2,1,1,51,0.33
cloudflare/workers-mcp,https://github.com/cloudflare/workers-mcp,mined,378,TypeScript,19.0,1044.0,3,10,1,43,0.6
glifxyz/glif-mcp-server,https://github.com/glifxyz/glif-mcp-server,mined,14,TypeScript,28.0,2531.0,3,0,0,56,0.73
merill/lokka,https://github.com/merill/lokka,mined,15,JavaScript,10.0,854.0,3,5,4,71,
newideas99/Deepseek-Thinking-Claude-3.5-Sonnet-CLINE-MCP,https://github.com/newideas99/Deepseek-Thinking-Claude-3.5-Sonnet-CLINE-MCP,mined,99,JavaScript,2.0,448.0,2,3,2,12,
hdresearch/mcp-shell,https://github.com/hdresearch/mcp-shell,mined,25,JavaScript,2.0,187.0,2,4,2,36,
Fallomai/spinai,https://github.com/Fallomai/spinai,mined,295,TypeScript,142.0,5971.0,6,8,8,320,
qpd-v/mcp-DEEPwebresearch,https://github.com/qpd-v/mcp-DEEPwebresearch,mined,40,TypeScript,12.0,3795.0,3,4,0,53,
cyanheads/git-mcp-server,https://github.com/cyanheads/git-mcp-server,mined,12,TypeScript,21.0,4371.0,2,0,0,15,0.2
ctxs-ai/ctxs.ai,https://github.com/ctxs-ai/ctxs.ai,mined,16,TypeScript,50.0,2865.0,3,0,0,292,0.89
roychri/mcp-server-asana,https://github.com/roychri/mcp-server-asana,mined,21,TypeScript,16.0,2182.0,3,4,3,55,
ArchimedesCrypto/excel-reader-mcp,https://github.com/ArchimedesCrypto/excel-reader-mcp,mined,11,JavaScript,3.0,340.0,3,0,0,8,
vercel/sdk,https://github.com/vercel/sdk,mined,81,TypeScript,960.0,300905.0,9,4,0,55,0.82
clerk/javascript,https://github.com/clerk/javascript,mined,1363,TypeScript,2291.0,188682.0,100,468,443,6861,0.9
remorses/spiceflow,https://github.com/remorses/spiceflow,mined,43,TypeScript,83.0,16953.0,1,2,2,508,
authed-dev/authed,https://github.com/authed-dev/authed,mined,72,Python,36.0,1532.0,1,31,15,265,0.99
kvick-games/UnrealMCP,https://github.com/kvick-games/UnrealMCP,mined,84,C++,21.0,1558.0,1,3,0,69,
oakenai/mcp-edit-file-lines,https://github.com/oakenai/mcp-edit-file-lines,mined,18,TypeScript,18.0,2161.0,1,0,0,23,
langchain-ai/universal-tool-server,https://github.com/langchain-ai/universal-tool-server,mined,21,Python,35.0,2751.0,1,0,0,30,0.87
StreetLamb/rojak,https://github.com/StreetLamb/rojak,mined,43,Python,37.0,3910.0,1,0,0,117,0.98
danhilse/notion_mcp,https://github.com/danhilse/notion_mcp,mined,117,Python,3.0,248.0,1,3,2,11,
davidshtian/MCP-on-AWS-Bedrock,https://github.com/davidshtian/MCP-on-AWS-Bedrock,mined,28,Python,5.0,268.0,1,0,0,9,
mantou132/gem,https://github.com/mantou132/gem,mined,19,TypeScript,361.0,39832.0,2,214,208,955,0.76
efritz/aidev,https://github.com/efritz/aidev,mined,32,TypeScript,147.0,9058.0,1,3,3,287,
cyanheads/obsidian-mcp-server,https://github.com/cyanheads/obsidian-mcp-server,mined,29,TypeScript,32.0,3188.0,1,2,1,65,0.88
cuongtl1992/mcp-dbs,https://github.com/cuongtl1992/mcp-dbs,mined,11,TypeScript,15.0,2494.0,1,0,0,13,0.0
Kartha-AI/agentcare-mcp,https://github.com/Kartha-AI/agentcare-mcp,mined,13,JavaScript,40.0,4250.0,1,0,0,17,
lishenxydlgzs/simple-files-vectorstore,https://github.com/lishenxydlgzs/simple-files-vectorstore,mined,15,TypeScript,14.0,1430.0,1,3,2,20,0.6
FradSer/mcp-server-apple-reminders,https://github.com/FradSer/mcp-server-apple-reminders,mined,13,TypeScript,14.0,753.0,1,1,0,10,
jae-jae/fetcher-mcp,https://github.com/jae-jae/fetcher-mcp,mined,105,TypeScript,9.0,686.0,1,7,4,62,
anaisbetts/mcp-youtube,https://github.com/anaisbetts/mcp-youtube,mined,203,JavaScript,4.0,273.0,1,4,2,14,
danwritecode/mcp-client-server-host-demo,https://github.com/danwritecode/mcp-client-server-host-demo,mined,35,TypeScript,3.0,203.0,1,0,0,2,
codingthefuturewithai/rag-retriever,https://github.com/codingthefuturewithai/rag-retriever,mined,24,Python,48.0,5810.0,1,6,3,155,
trancethehuman/ai-workshop-code,https://github.com/trancethehuman/ai-workshop-code,mined,415,Jupyter Notebook,103.0,6010.0,1,0,0,77,
NightTrek/moondream-mcp,https://github.com/NightTrek/moondream-mcp,mined,11,JavaScript,5.0,870.0,1,3,0,15,
prajwalshettydev/UnrealGenAISupport,https://github.com/prajwalshettydev/UnrealGenAISupport,mined,36,C++,14.0,1408.0,1,5,3,69,
gotohuman/examples-langgraph-py,https://github.com/gotohuman/examples-langgraph-py,mined,38,Python,5.0,287.0,1,0,0,3,
ccc0168/modes-mcp-server,https://github.com/ccc0168/modes-mcp-server,mined,12,,1.0,411.0,1,0,0,5,
Sunwood-ai-labs/command-executor-mcp-server,https://github.com/Sunwood-ai-labs/command-executor-mcp-server,mined,18,JavaScript,4.0,185.0,1,4,4,42,
vercel-labs/mcp-on-vercel,https://github.com/vercel-labs/mcp-on-vercel,mined,96,TypeScript,4.0,285.0,1,2,0,37,
kennethreitz/mcp-applemusic,https://github.com/kennethreitz/mcp-applemusic,mined,26,Python,1.0,78.0,1,0,0,14,
HybridTalentComputing/cline-chinese,https://github.com/HybridTalentComputing/cline-chinese,mined,109,TypeScript,219.0,34700.0,1,14,6,21,1.0
Altaflux/agent-mimir,https://github.com/Altaflux/agent-mimir,mined,107,TypeScript,82.0,7197.0,1,5,2,323,
neka-nat/freecad-mcp,https://github.com/neka-nat/freecad-mcp,mined,15,Python,8.0,770.0,1,1,1,36,
Mineru98/mysql-mcp-server,https://github.com/Mineru98/mysql-mcp-server,mined,15,Python,21.0,2043.0,1,3,1,62,
NON906/omniparser-autogui-mcp,https://github.com/NON906/omniparser-autogui-mcp,mined,13,Python,7.0,467.0,1,0,0,24,
szeider/mcp-solver,https://github.com/szeider/mcp-solver,mined,23,Python,42.0,6252.0,1,2,1,41,
gyger/mcp-pyzotero,https://github.com/gyger/mcp-pyzotero,mined,12,Python,1.0,280.0,1,3,1,7,
canvrno/ProxmoxMCP,https://github.com/canvrno/ProxmoxMCP,mined,61,Python,30.0,1271.0,1,4,0,19,
wooorm/npm-high-impact,https://github.com/wooorm/npm-high-impact,mined,87,JavaScript,13.0,21638.0,1,1,1,63,1.0
aidrivencoder/Roo-Cline,https://github.com/aidrivencoder/Roo-Cline,mined,18,TypeScript,322.0,49755.0,49,0,0,2408,1.0
alexwohletz/language-server-mcp,https://github.com/alexwohletz/language-server-mcp,mined,13,HTML,9.0,3250.0,1,0,0,4,
goat-sdk/goat,https://github.com/goat-sdk/goat,mined,513,TypeScript,745.0,67732.0,63,28,24,644,0.67
cyanheads/atlas-mcp-server,https://github.com/cyanheads/atlas-mcp-server,mined,108,TypeScript,89.0,11232.0,1,8,4,479,0.8
modelcontextprotocol/servers,https://github.com/modelcontextprotocol/servers,mined,21835,JavaScript,66.0,9130.0,100,365,121,1866,0.12
jonverrier/McpDoc,https://github.com/jonverrier/McpDoc,mined,16,TypeScript,22.0,1542.0,1,5,5,9,
willccbb/mcp-client-server,https://github.com/willccbb/mcp-client-server,mined,105,TypeScript,8.0,1080.0,1,0,0,3,
unifai-network/unifai-sdk-js,https://github.com/unifai-network/unifai-sdk-js,mined,27,TypeScript,15.0,592.0,1,0,0,23,1.0
PolarVista/Xcode-mcp-server,https://github.com/PolarVista/Xcode-mcp-server,mined,23,TypeScript,2.0,784.0,1,1,0,6,
zueai/frontend-review-mcp,https://github.com/zueai/frontend-review-mcp,mined,15,JavaScript,3.0,301.0,1,0,0,17,
langwatch/langwatch,https://github.com/langwatch/langwatch,mined,1233,TypeScript,846.0,115974.0,15,31,17,2437,0.95
AimeBox/aime-box,https://github.com/AimeBox/aime-box,mined,15,TypeScript,170.0,25694.0,1,0,0,24,
madarco/ragrabbit,https://github.com/madarco/ragrabbit,mined,31,TypeScript,248.0,13968.0,1,0,0,44,
bradfair/mcp-cline-personas,https://github.com/bradfair/mcp-cline-personas,mined,19,TypeScript,13.0,1703.0,1,0,0,12,
lamemind/mcp-server-multiverse,https://github.com/lamemind/mcp-server-multiverse,mined,23,TypeScript,6.0,240.0,1,4,2,45,
cyanheads/mentor-mcp-server,https://github.com/cyanheads/mentor-mcp-server,mined,15,TypeScript,17.0,1364.0,1,0,0,11,
fredericbarthelet/linkedin-mcp-server,https://github.com/fredericbarthelet/linkedin-mcp-server,mined,15,TypeScript,7.0,526.0,1,0,0,9,
maoxiaoke/create-mcp-server,https://github.com/maoxiaoke/create-mcp-server,mined,20,JavaScript,1.0,503.0,1,0,0,3,
JoshuaRileyDev/supabase-mcp-server,https://github.com/JoshuaRileyDev/supabase-mcp-server,mined,27,JavaScript,2.0,255.0,1,1,0,2,
tonypan2/minesweeper-mcp-server,https://github.com/tonypan2/minesweeper-mcp-server,mined,51,JavaScript,2.0,221.0,1,0,0,3,
Just-Understanding-Data-Ltd/ai-coding-with-cursor,https://github.com/Just-Understanding-Data-Ltd/ai-coding-with-cursor,mined,29,TypeScript,431.0,41262.0,1,0,0,44,
ctavolazzi/NovaSystem,https://github.com/ctavolazzi/NovaSystem,mined,213,Python,285.0,28508.0,1,1,0,583,0.45
willccbb/claude-code-mcp,https://github.com/willccbb/claude-code-mcp,mined,88,TypeScript,59.0,9530.0,1,1,1,10,
VxASI/blender-mcp-vxai,https://github.com/VxASI/blender-mcp-vxai,mined,223,Python,3.0,479.0,1,0,0,39,
ivo-toby/mcp-openapi-server,https://github.com/ivo-toby/mcp-openapi-server,mined,32,JavaScript,5.0,383.0,1,2,0,51,
epaproditus/google-workspace-mcp-server,https://github.com/epaproditus/google-workspace-mcp-server,mined,13,JavaScript,2.0,633.0,1,3,2,3,
m-siles/branch-thinking,https://github.com/m-siles/branch-thinking,mined,20,TypeScript,3.0,492.0,1,1,1,5,
mshojaei77/ReActMCP,https://github.com/mshojaei77/ReActMCP,mined,112,Python,4.0,335.0,1,0,0,9,
pskill9/web-search,https://github.com/pskill9/web-search,mined,50,JavaScript,1.0,142.0,1,2,0,1,
betterstack-community/mcp-template-ts,https://github.com/betterstack-community/mcp-template-ts,mined,15,JavaScript,1.0,38.0,1,1,0,2,
