mcp_servername,language,integration_type,star_count,violated_rule,violated_rule_name,issue_type,issue_severity,component,fix_guideline,issue_tags,quality_impact
sooperset/mcp-atlassian,Python,community,280,python:S5527,Server hostnames should be verified during SSL/TLS connections,VULNERABILITY,CRITICAL,sooperset.mcp-atlassian:src/mcp_atlassian/utils/ssl.py,Enable server hostname verification on this SSL/TLS connection.,"cwe, privacy, ssl",SECURITY
sooperset/mcp-atlassian,Python,community,280,python:S4830,Server certificates should be verified during SSL/TLS connections,VULNERABILITY,CRITICAL,sooperset.mcp-atlassian:src/mcp_atlassian/utils/ssl.py,Enable server certificate validation on this SSL/TLS connection.,"cwe, privacy, ssl",SECURITY
designcomputer/mysql_mcp_server,Python,community,137,secrets:S6697,MySQL database passwords should not be disclosed,VULNERABILITY,BLOCKER,designcomputer.mysql_mcp_server:Dockerfile,Make sure this MySQL database password gets changed and removed from the code.,cwe,SECURITY
modelcontextprotocol/python-sdk,Python,mined,4798,secrets:S6698,PostgreSQL database passwords should not be disclosed,VULNERABILITY,BLOCKER,modelcontextprotocol.python-sdk:examples/fastmcp/memory.py,Make sure this PostgreSQL database password gets changed and removed from the code.,cwe,SECURITY
modelcontextprotocol/python-sdk,Python,mined,4798,secrets:S6698,PostgreSQL database passwords should not be disclosed,VULNERABILITY,BLOCKER,modelcontextprotocol.python-sdk:examples/fastmcp/memory.py,Make sure this PostgreSQL database password gets changed and removed from the code.,cwe,SECURITY
tuanle96/mcp-odoo,Python,mined,14,python:S5527,Server hostnames should be verified during SSL/TLS connections,VULNERABILITY,CRITICAL,tuanle96.mcp-odoo:src/odoo_mcp/odoo_client.py,Enable server hostname verification on this SSL/TLS connection.,"cwe, privacy, ssl",SECURITY
jroakes/CrawlnChat,Python,mined,22,python:S4830,Server certificates should be verified during SSL/TLS connections,VULNERABILITY,CRITICAL,jroakes.CrawlnChat:src/crawler/sitemap.py,Enable server certificate validation on this SSL/TLS connection.,"cwe, privacy, ssl",SECURITY
alibaba/higress,Go,community,4896,kubernetes:S6865,Service account permissions should be restricted,VULNERABILITY,MAJOR,alibaba.higress:helm/core/charts/redis/templates/statefulset.yaml,Bind this resource's automounted service account to RBAC or disable automounting.,,SECURITY
alibaba/higress,Go,community,4896,kubernetes:S6864,Memory limits should be enforced,VULNERABILITY,MAJOR,alibaba.higress:helm/core/charts/redis/templates/statefulset.yaml,Specify a memory limit for this container.,,SECURITY
alibaba/higress,Go,community,4896,kubernetes:S6865,Service account permissions should be restricted,VULNERABILITY,MAJOR,alibaba.higress:test/e2e/conformance/tests/go-wasm-replay-protection.yaml,Bind this resource's automounted service account to RBAC or disable automounting.,,SECURITY
alibaba/higress,Go,community,4896,kubernetes:S6864,Memory limits should be enforced,VULNERABILITY,MAJOR,alibaba.higress:test/e2e/conformance/tests/go-wasm-replay-protection.yaml,Specify a memory limit for this container.,,SECURITY
alibaba/higress,Go,community,4896,kubernetes:S6865,Service account permissions should be restricted,VULNERABILITY,MAJOR,alibaba.higress:test/e2e/conformance/base/llm-mock.yaml,Bind this resource's automounted service account to RBAC or disable automounting.,,SECURITY
alibaba/higress,Go,community,4896,kubernetes:S6864,Memory limits should be enforced,VULNERABILITY,MAJOR,alibaba.higress:test/e2e/conformance/base/llm-mock.yaml,Specify a memory limit for this container.,,SECURITY
alibaba/higress,Go,community,4896,kubernetes:S6865,Service account permissions should be restricted,VULNERABILITY,MAJOR,alibaba.higress:test/e2e/conformance/base/manifests.yaml,Bind this resource's automounted service account to RBAC or disable automounting.,,SECURITY
alibaba/higress,Go,community,4896,kubernetes:S6864,Memory limits should be enforced,VULNERABILITY,MAJOR,alibaba.higress:test/e2e/conformance/base/manifests.yaml,Specify a memory limit for this container.,,SECURITY
alibaba/higress,Go,community,4896,kubernetes:S6870,Storage limits should be enforced,VULNERABILITY,MAJOR,alibaba.higress:helm/core/templates/deployment.yaml,Specify a storage limit for this container.,,SECURITY
alibaba/higress,Go,community,4896,kubernetes:S6865,Service account permissions should be restricted,VULNERABILITY,MAJOR,alibaba.higress:helm/core/templates/deployment.yaml,"Bind this Service Account to RBAC or disable ""automountServiceAccountToken"".",,SECURITY
alibaba/higress,Go,community,4896,kubernetes:S6865,Service account permissions should be restricted,VULNERABILITY,MAJOR,alibaba.higress:test/e2e/conformance/base/manifests.yaml,Bind this resource's automounted service account to RBAC or disable automounting.,,SECURITY
alibaba/higress,Go,community,4896,kubernetes:S6864,Memory limits should be enforced,VULNERABILITY,MAJOR,alibaba.higress:test/e2e/conformance/base/manifests.yaml,Specify a memory limit for this container.,,SECURITY
alibaba/higress,Go,community,4896,kubernetes:S6867,Wildcards should not be used to define RBAC permissions,VULNERABILITY,MAJOR,alibaba.higress:helm/core/templates/controller-clusterrole.yaml,Replace this wildcard with a clear list of allowed resources.,,SECURITY
alibaba/higress,Go,community,4896,kubernetes:S6870,Storage limits should be enforced,VULNERABILITY,MAJOR,alibaba.higress:helm/core/templates/controller-deployment.yaml,Specify a storage limit for this container.,,SECURITY
alibaba/higress,Go,community,4896,kubernetes:S6865,Service account permissions should be restricted,VULNERABILITY,MAJOR,alibaba.higress:test/e2e/conformance/base/manifests.yaml,Bind this resource's automounted service account to RBAC or disable automounting.,,SECURITY
alibaba/higress,Go,community,4896,kubernetes:S6864,Memory limits should be enforced,VULNERABILITY,MAJOR,alibaba.higress:test/e2e/conformance/base/manifests.yaml,Specify a memory limit for this container.,,SECURITY
alibaba/higress,Go,community,4896,kubernetes:S6865,Service account permissions should be restricted,VULNERABILITY,MAJOR,alibaba.higress:test/e2e/conformance/base/opa.yaml,Bind this resource's automounted service account to RBAC or disable automounting.,,SECURITY
alibaba/higress,Go,community,4896,kubernetes:S6864,Memory limits should be enforced,VULNERABILITY,MAJOR,alibaba.higress:test/e2e/conformance/base/opa.yaml,Specify a memory limit for this container.,,SECURITY
alibaba/higress,Go,community,4896,kubernetes:S6865,Service account permissions should be restricted,VULNERABILITY,MAJOR,alibaba.higress:test/e2e/conformance/base/opa.yaml,Bind this resource's automounted service account to RBAC or disable automounting.,,SECURITY
alibaba/higress,Go,community,4896,kubernetes:S6864,Memory limits should be enforced,VULNERABILITY,MAJOR,alibaba.higress:test/e2e/conformance/base/opa.yaml,Specify a memory limit for this container.,,SECURITY
alibaba/higress,Go,community,4896,kubernetes:S6865,Service account permissions should be restricted,VULNERABILITY,MAJOR,alibaba.higress:test/e2e/conformance/base/manifests.yaml,Bind this resource's automounted service account to RBAC or disable automounting.,,SECURITY
alibaba/higress,Go,community,4896,kubernetes:S6864,Memory limits should be enforced,VULNERABILITY,MAJOR,alibaba.higress:test/e2e/conformance/base/manifests.yaml,Specify a memory limit for this container.,,SECURITY
alibaba/higress,Go,community,4896,kubernetes:S6867,Wildcards should not be used to define RBAC permissions,VULNERABILITY,MAJOR,alibaba.higress:hgctl/pkg/manifests/istiobase/templates/clusterrole.yaml,Replace this wildcard with a clear list of allowed resources.,,SECURITY
alibaba/higress,Go,community,4896,kubernetes:S6867,Wildcards should not be used to define RBAC permissions,VULNERABILITY,MAJOR,alibaba.higress:hgctl/pkg/manifests/istiobase/templates/clusterrole.yaml,Replace this wildcard with a clear list of allowed resources.,,SECURITY
alibaba/higress,Go,community,4896,kubernetes:S6867,Wildcards should not be used to define RBAC permissions,VULNERABILITY,MAJOR,alibaba.higress:hgctl/pkg/manifests/istiobase/templates/clusterrole.yaml,Replace this wildcard with a clear list of allowed resources.,,SECURITY
alibaba/higress,Go,community,4896,kubernetes:S6867,Wildcards should not be used to define RBAC permissions,VULNERABILITY,MAJOR,alibaba.higress:hgctl/pkg/manifests/istiobase/templates/clusterrole.yaml,Replace this wildcard with a clear list of allowed resources.,,SECURITY
alibaba/higress,Go,community,4896,kubernetes:S6867,Wildcards should not be used to define RBAC permissions,VULNERABILITY,MAJOR,alibaba.higress:hgctl/pkg/manifests/istiobase/templates/clusterrole.yaml,Replace this wildcard with a clear list of allowed resources.,,SECURITY
alibaba/higress,Go,community,4896,kubernetes:S6865,Service account permissions should be restricted,VULNERABILITY,MAJOR,alibaba.higress:test/e2e/conformance/base/consul.yaml,Bind this resource's automounted service account to RBAC or disable automounting.,,SECURITY
alibaba/higress,Go,community,4896,kubernetes:S6864,Memory limits should be enforced,VULNERABILITY,MAJOR,alibaba.higress:test/e2e/conformance/base/consul.yaml,Specify a memory limit for this container.,,SECURITY
alibaba/higress,Go,community,4896,kubernetes:S6865,Service account permissions should be restricted,VULNERABILITY,MAJOR,alibaba.higress:test/e2e/conformance/base/consul.yaml,Bind this resource's automounted service account to RBAC or disable automounting.,,SECURITY
alibaba/higress,Go,community,4896,kubernetes:S6864,Memory limits should be enforced,VULNERABILITY,MAJOR,alibaba.higress:test/e2e/conformance/base/consul.yaml,Specify a memory limit for this container.,,SECURITY
alibaba/higress,Go,community,4896,kubernetes:S6865,Service account permissions should be restricted,VULNERABILITY,MAJOR,alibaba.higress:test/e2e/conformance/base/dubbo.yaml,Bind this resource's automounted service account to RBAC or disable automounting.,,SECURITY
alibaba/higress,Go,community,4896,kubernetes:S6864,Memory limits should be enforced,VULNERABILITY,MAJOR,alibaba.higress:test/e2e/conformance/base/dubbo.yaml,Specify a memory limit for this container.,,SECURITY
alibaba/higress,Go,community,4896,kubernetes:S6865,Service account permissions should be restricted,VULNERABILITY,MAJOR,alibaba.higress:test/e2e/conformance/base/eureka.yaml,Bind this resource's automounted service account to RBAC or disable automounting.,,SECURITY
alibaba/higress,Go,community,4896,kubernetes:S6864,Memory limits should be enforced,VULNERABILITY,MAJOR,alibaba.higress:test/e2e/conformance/base/eureka.yaml,Specify a memory limit for this container.,,SECURITY
alibaba/higress,Go,community,4896,kubernetes:S6865,Service account permissions should be restricted,VULNERABILITY,MAJOR,alibaba.higress:test/e2e/conformance/base/eureka.yaml,Bind this resource's automounted service account to RBAC or disable automounting.,,SECURITY
alibaba/higress,Go,community,4896,kubernetes:S6864,Memory limits should be enforced,VULNERABILITY,MAJOR,alibaba.higress:test/e2e/conformance/base/eureka.yaml,Specify a memory limit for this container.,,SECURITY
alibaba/higress,Go,community,4896,kubernetes:S6865,Service account permissions should be restricted,VULNERABILITY,MAJOR,alibaba.higress:test/e2e/conformance/base/nacos.yaml,Bind this resource's automounted service account to RBAC or disable automounting.,,SECURITY
alibaba/higress,Go,community,4896,kubernetes:S6864,Memory limits should be enforced,VULNERABILITY,MAJOR,alibaba.higress:test/e2e/conformance/base/nacos.yaml,Specify a memory limit for this container.,,SECURITY
alibaba/higress,Go,community,4896,kubernetes:S6867,Wildcards should not be used to define RBAC permissions,VULNERABILITY,MAJOR,alibaba.higress:helm/core/templates/controller-clusterrole.yaml,Replace this wildcard with a clear list of allowed resources.,,SECURITY
alibaba/higress,Go,community,4896,kubernetes:S6865,Service account permissions should be restricted,VULNERABILITY,MAJOR,alibaba.higress:samples/quickstart.yaml,Bind this resource's automounted service account to RBAC or disable automounting.,,SECURITY
alibaba/higress,Go,community,4896,kubernetes:S6864,Memory limits should be enforced,VULNERABILITY,MAJOR,alibaba.higress:samples/quickstart.yaml,Specify a memory limit for this container.,,SECURITY
alibaba/higress,Go,community,4896,kubernetes:S6865,Service account permissions should be restricted,VULNERABILITY,MAJOR,alibaba.higress:samples/quickstart.yaml,Bind this resource's automounted service account to RBAC or disable automounting.,,SECURITY
alibaba/higress,Go,community,4896,kubernetes:S6864,Memory limits should be enforced,VULNERABILITY,MAJOR,alibaba.higress:samples/quickstart.yaml,Specify a memory limit for this container.,,SECURITY
alibaba/higress,Go,community,4896,kubernetes:S6864,Memory limits should be enforced,VULNERABILITY,MAJOR,alibaba.higress:helm/core/templates/controller-deployment.yaml,Specify a memory limit for this container.,,SECURITY
alibaba/higress,Go,community,4896,kubernetes:S6870,Storage limits should be enforced,VULNERABILITY,MAJOR,alibaba.higress:helm/core/templates/controller-deployment.yaml,Specify a storage limit for this container.,,SECURITY
alibaba/higress,Go,community,4896,kubernetes:S6865,Service account permissions should be restricted,VULNERABILITY,MAJOR,alibaba.higress:test/e2e/conformance/base/manifests.yaml,Bind this resource's automounted service account to RBAC or disable automounting.,,SECURITY
alibaba/higress,Go,community,4896,kubernetes:S6864,Memory limits should be enforced,VULNERABILITY,MAJOR,alibaba.higress:test/e2e/conformance/base/manifests.yaml,Specify a memory limit for this container.,,SECURITY
alibaba/higress,Go,community,4896,kubernetes:S6865,Service account permissions should be restricted,VULNERABILITY,MAJOR,alibaba.higress:test/e2e/conformance/base/manifests.yaml,Bind this resource's automounted service account to RBAC or disable automounting.,,SECURITY
alibaba/higress,Go,community,4896,kubernetes:S6864,Memory limits should be enforced,VULNERABILITY,MAJOR,alibaba.higress:test/e2e/conformance/base/manifests.yaml,Specify a memory limit for this container.,,SECURITY
alibaba/higress,Go,community,4896,kubernetes:S6865,Service account permissions should be restricted,VULNERABILITY,MAJOR,alibaba.higress:test/e2e/conformance/base/manifests.yaml,Bind this resource's automounted service account to RBAC or disable automounting.,,SECURITY
alibaba/higress,Go,community,4896,kubernetes:S6864,Memory limits should be enforced,VULNERABILITY,MAJOR,alibaba.higress:test/e2e/conformance/base/manifests.yaml,Specify a memory limit for this container.,,SECURITY
alibaba/higress,Go,community,4896,kubernetes:S6865,Service account permissions should be restricted,VULNERABILITY,MAJOR,alibaba.higress:test/e2e/conformance/base/manifests.yaml,Bind this resource's automounted service account to RBAC or disable automounting.,,SECURITY
alibaba/higress,Go,community,4896,kubernetes:S6864,Memory limits should be enforced,VULNERABILITY,MAJOR,alibaba.higress:test/e2e/conformance/base/manifests.yaml,Specify a memory limit for this container.,,SECURITY
alibaba/higress,Go,community,4896,kubernetes:S6865,Service account permissions should be restricted,VULNERABILITY,MAJOR,alibaba.higress:test/e2e/conformance/base/manifests.yaml,Bind this resource's automounted service account to RBAC or disable automounting.,,SECURITY
alibaba/higress,Go,community,4896,kubernetes:S6864,Memory limits should be enforced,VULNERABILITY,MAJOR,alibaba.higress:test/e2e/conformance/base/manifests.yaml,Specify a memory limit for this container.,,SECURITY
alibaba/higress,Go,community,4896,kubernetes:S6865,Service account permissions should be restricted,VULNERABILITY,MAJOR,alibaba.higress:test/e2e/conformance/base/manifests.yaml,Bind this resource's automounted service account to RBAC or disable automounting.,,SECURITY
alibaba/higress,Go,community,4896,kubernetes:S6864,Memory limits should be enforced,VULNERABILITY,MAJOR,alibaba.higress:test/e2e/conformance/base/manifests.yaml,Specify a memory limit for this container.,,SECURITY
alibaba/higress,Go,community,4896,kubernetes:S6864,Memory limits should be enforced,VULNERABILITY,MAJOR,alibaba.higress:samples/hello-world/quickstart.yaml,Specify a memory limit for this container.,,SECURITY
alibaba/higress,Go,community,4896,kubernetes:S6865,Service account permissions should be restricted,VULNERABILITY,MAJOR,alibaba.higress:samples/hello-world/quickstart.yaml,Bind this resource's automounted service account to RBAC or disable automounting.,,SECURITY
alibaba/higress,Go,community,4896,kubernetes:S6867,Wildcards should not be used to define RBAC permissions,VULNERABILITY,MAJOR,alibaba.higress:helm/core/templates/controller-clusterrole.yaml,Replace this wildcard with a clear list of allowed resources.,,SECURITY
alibaba/higress,Go,community,4896,kubernetes:S6867,Wildcards should not be used to define RBAC permissions,VULNERABILITY,MAJOR,alibaba.higress:helm/core/templates/controller-clusterrole.yaml,Replace this wildcard with a clear list of allowed resources.,,SECURITY
alibaba/higress,Go,community,4896,kubernetes:S6867,Wildcards should not be used to define RBAC permissions,VULNERABILITY,MAJOR,alibaba.higress:helm/core/templates/controller-clusterrole.yaml,Replace this wildcard with a clear list of allowed resources.,,SECURITY
alibaba/higress,Go,community,4896,kubernetes:S6867,Wildcards should not be used to define RBAC permissions,VULNERABILITY,MAJOR,alibaba.higress:helm/core/templates/controller-clusterrole.yaml,Replace this wildcard with a clear list of allowed resources.,,SECURITY
daobataotie/mssql-mcp,Python,community,20,secrets:S6703,Database passwords should not be disclosed,VULNERABILITY,BLOCKER,daobataotie.mssql-mcp:src/server.py,Make sure this database password gets changed and removed from the code.,cwe,SECURITY
amornpan/py-mcp-mssql,Python,community,15,secrets:S6703,Database passwords should not be disclosed,VULNERABILITY,BLOCKER,amornpan.py-mcp-mssql:src/mssql/server.py,Make sure this database password gets changed and removed from the code.,cwe,SECURITY
kiliczsh/mcp-mongo-server,TypeScript,community,134,secrets:S6694,MongoDB database passwords should not be disclosed,VULNERABILITY,BLOCKER,kiliczsh.mcp-mongo-server:docker-entrypoint.sh,Make sure this MongoDB database password gets changed and removed from the code.,cwe,SECURITY
kiliczsh/mcp-mongo-server,TypeScript,community,134,secrets:S6694,MongoDB database passwords should not be disclosed,VULNERABILITY,BLOCKER,kiliczsh.mcp-mongo-server:docker-entrypoint.sh,Make sure this MongoDB database password gets changed and removed from the code.,cwe,SECURITY
strowk/mcp-k8s-go,Go,community,244,kubernetes:S6865,Service account permissions should be restricted,VULNERABILITY,MAJOR,strowk.mcp-k8s-go:internal/k8s/apps/v1/deployment/test_manifests/test_deployment.yaml,Bind this resource's automounted service account to RBAC or disable automounting.,,SECURITY
strowk/mcp-k8s-go,Go,community,244,kubernetes:S6864,Memory limits should be enforced,VULNERABILITY,MAJOR,strowk.mcp-k8s-go:internal/k8s/apps/v1/deployment/test_manifests/test_deployment.yaml,Specify a memory limit for this container.,,SECURITY
JexinSam/mssql_mcp_server,Python,community,12,secrets:S6703,Database passwords should not be disclosed,VULNERABILITY,BLOCKER,JexinSam.mssql_mcp_server:src/mssql_mcp_server/server.py,Make sure this database password gets changed and removed from the code.,cwe,SECURITY
topoteretes/cognee,Jupyter Notebook,community,1938,kubernetes:S6865,Service account permissions should be restricted,VULNERABILITY,MAJOR,topoteretes.cognee:helm/templates/cognee_deployment.yaml,Bind this resource's automounted service account to RBAC or disable automounting.,,SECURITY
topoteretes/cognee,Jupyter Notebook,community,1938,kubernetes:S6865,Service account permissions should be restricted,VULNERABILITY,MAJOR,topoteretes.cognee:helm/templates/postgres_deployment.yaml,Bind this resource's automounted service account to RBAC or disable automounting.,,SECURITY
topoteretes/cognee,Jupyter Notebook,community,1938,kubernetes:S6870,Storage limits should be enforced,VULNERABILITY,MAJOR,topoteretes.cognee:helm/templates/postgres_deployment.yaml,Specify a storage limit for this container.,,SECURITY
topoteretes/cognee,Jupyter Notebook,community,1938,kubernetes:S6864,Memory limits should be enforced,VULNERABILITY,MAJOR,topoteretes.cognee:helm/templates/postgres_deployment.yaml,Specify a memory limit for this container.,,SECURITY
SecretiveShell/MCP-Bridge,Python,mined,490,kubernetes:S6865,Service account permissions should be restricted,VULNERABILITY,MAJOR,SecretiveShell.MCP-Bridge:charts/mcp-bridge/templates/deployment.yaml,Bind this resource's automounted service account to RBAC or disable automounting.,,SECURITY
run-llama/llama_index,Python,mined,40204,secrets:S6698,PostgreSQL database passwords should not be disclosed,VULNERABILITY,BLOCKER,run-llama.llama_index:llama-index-integrations/vector_stores/llama-index-vector-stores-lantern/llama_index/vector_stores/lantern/base.py,Make sure this PostgreSQL database password gets changed and removed from the code.,cwe,SECURITY
run-llama/llama_index,Python,mined,40204,secrets:S6739,Redis credentials should not be disclosed,VULNERABILITY,BLOCKER,run-llama.llama_index:llama-index-integrations/storage/chat_store/llama-index-storage-chat-store-redis/llama_index/storage/chat_store/redis/base.py,"Make sure these Redis credentials get revoked, changed, and removed from the code.",cwe,SECURITY
run-llama/llama_index,Python,mined,40204,secrets:S7013,OpenAI API keys should not be disclosed,VULNERABILITY,BLOCKER,run-llama.llama_index:llama-index-packs/llama-index-packs-recursive-retriever/examples/small_to_big.ipynb,"Make sure this OpenAI API key gets revoked, changed, and removed from the code.",cwe,SECURITY
run-llama/llama_index,Python,mined,40204,secrets:S7013,OpenAI API keys should not be disclosed,VULNERABILITY,BLOCKER,run-llama.llama_index:llama-index-packs/llama-index-packs-sentence-window-retriever/examples/sentence_window.ipynb,"Make sure this OpenAI API key gets revoked, changed, and removed from the code.",cwe,SECURITY
SciPhi-AI/R2R,Python,mined,5708,secrets:S6698,PostgreSQL database passwords should not be disclosed,VULNERABILITY,BLOCKER,SciPhi-AI.R2R:docker/compose.full.swarm.yaml,Make sure this PostgreSQL database password gets changed and removed from the code.,cwe,SECURITY
SciPhi-AI/R2R,Python,mined,5708,secrets:S6698,PostgreSQL database passwords should not be disclosed,VULNERABILITY,BLOCKER,SciPhi-AI.R2R:docker/compose.full.swarm.yaml,Make sure this PostgreSQL database password gets changed and removed from the code.,cwe,SECURITY
SciPhi-AI/R2R,Python,mined,5708,secrets:S6698,PostgreSQL database passwords should not be disclosed,VULNERABILITY,BLOCKER,SciPhi-AI.R2R:docker/compose.full.swarm.yaml,Make sure this PostgreSQL database password gets changed and removed from the code.,cwe,SECURITY
SciPhi-AI/R2R,Python,mined,5708,secrets:S6698,PostgreSQL database passwords should not be disclosed,VULNERABILITY,BLOCKER,SciPhi-AI.R2R:docker/compose.full.swarm.yaml,Make sure this PostgreSQL database password gets changed and removed from the code.,cwe,SECURITY
SciPhi-AI/R2R,Python,mined,5708,secrets:S6698,PostgreSQL database passwords should not be disclosed,VULNERABILITY,BLOCKER,SciPhi-AI.R2R:docker/compose.full.swarm.yaml,Make sure this PostgreSQL database password gets changed and removed from the code.,cwe,SECURITY
SciPhi-AI/R2R,Python,mined,5708,python:S2755,XML parsers should not be vulnerable to XXE attacks,VULNERABILITY,BLOCKER,SciPhi-AI.R2R:py/shared/utils/splitter/text.py,Disable access to external entities in XML parsing.,cwe,SECURITY
pixeltable/pixeltable,Python,mined,164,ipython:S5445,Insecure temporary file creation methods should not be used,VULNERABILITY,CRITICAL,pixeltable.pixeltable:docs/notebooks/feature-guides/working-with-external-files.ipynb,'tempfile.mktemp' is insecure. Use 'tempfile.TemporaryFile' instead,cwe,SECURITY
langflow-ai/langflow,Python,mined,52334,secrets:S6698,PostgreSQL database passwords should not be disclosed,VULNERABILITY,BLOCKER,langflow-ai.langflow:docker/dev.docker-compose.yml,Make sure this PostgreSQL database password gets changed and removed from the code.,cwe,SECURITY
langflow-ai/langflow,Python,mined,52334,secrets:S6698,PostgreSQL database passwords should not be disclosed,VULNERABILITY,BLOCKER,langflow-ai.langflow:docker_example/pre.docker-compose.yml,Make sure this PostgreSQL database password gets changed and removed from the code.,cwe,SECURITY
langflow-ai/langflow,Python,mined,52334,secrets:S6698,PostgreSQL database passwords should not be disclosed,VULNERABILITY,BLOCKER,langflow-ai.langflow:docker_example/docker-compose.yml,Make sure this PostgreSQL database password gets changed and removed from the code.,cwe,SECURITY
langflow-ai/langflow,Python,mined,52334,python:S5659,JWT should be signed and verified,VULNERABILITY,CRITICAL,langflow-ai.langflow:src/backend/base/langflow/services/auth/utils.py,Don't use a JWT token without verifying its signature.,"cwe, privacy",SECURITY
Azure-Samples/AI-Gateway,Jupyter Notebook,mined,427,azureresourcemanager:S4423,Weak SSL/TLS protocols should not be used,VULNERABILITY,CRITICAL,Azure-Samples.AI-Gateway:labs/ai-agent-service/main.bicep,"Set ""minimumTlsVersion""/""minimalTlsVersion"" to disable support of older TLS versions.","cwe, privacy, azure",SECURITY
Azure-Samples/AI-Gateway,Jupyter Notebook,mined,427,azureresourcemanager:S4423,Weak SSL/TLS protocols should not be used,VULNERABILITY,CRITICAL,Azure-Samples.AI-Gateway:labs/ai-foundry-deepseek/main.bicep,"Set ""minimumTlsVersion""/""minimalTlsVersion"" to disable support of older TLS versions.","cwe, privacy, azure",SECURITY
Azure-Samples/AI-Gateway,Jupyter Notebook,mined,427,azureresourcemanager:S4423,Weak SSL/TLS protocols should not be used,VULNERABILITY,CRITICAL,Azure-Samples.AI-Gateway:labs/function-calling/main.bicep,"Set ""minimumTlsVersion""/""minimalTlsVersion"" to disable support of older TLS versions.","cwe, privacy, azure",SECURITY
yamadashy/repomix,TypeScript,mined,13474,secrets:S6689,GitHub tokens should not be disclosed,VULNERABILITY,BLOCKER,yamadashy.repomix:tests/core/security/workers/securityCheckWorker.test.ts,"Make sure this Github token gets revoked, changed, and removed from the code.",cwe,SECURITY
panaversity/learn-agentic-ai,Jupyter Notebook,mined,940,secrets:S6334,Google API keys should not be disclosed,VULNERABILITY,BLOCKER,panaversity.learn-agentic-ai:07b_crew_ai/08_training/Training_Crew.ipynb,"Make sure this Google API Key is either secured or revoked, changed, and removed from the code.",cwe,SECURITY
panaversity/learn-agentic-ai,Jupyter Notebook,mined,940,secrets:S6334,Google API keys should not be disclosed,VULNERABILITY,BLOCKER,panaversity.learn-agentic-ai:07b_crew_ai/09_planning/Planning_Crew.ipynb,"Make sure this Google API Key is either secured or revoked, changed, and removed from the code.",cwe,SECURITY
panaversity/learn-agentic-ai,Jupyter Notebook,mined,940,secrets:S6334,Google API keys should not be disclosed,VULNERABILITY,BLOCKER,panaversity.learn-agentic-ai:07b_crew_ai/11_testing/Testing_Crew.ipynb,"Make sure this Google API Key is either secured or revoked, changed, and removed from the code.",cwe,SECURITY
panaversity/learn-agentic-ai,Jupyter Notebook,mined,940,secrets:S6698,PostgreSQL database passwords should not be disclosed,VULNERABILITY,BLOCKER,panaversity.learn-agentic-ai:AGENT_PROTOTYPES/appointment-agent/compose.yaml,Make sure this PostgreSQL database password gets changed and removed from the code.,cwe,SECURITY
panaversity/learn-agentic-ai,Jupyter Notebook,mined,940,secrets:S6698,PostgreSQL database passwords should not be disclosed,VULNERABILITY,BLOCKER,panaversity.learn-agentic-ai:07c_langgraph_functional_api/18_langchain_ecosystem/langgraph/course-notebooks/module-6/deployment/docker-compose-example.yml,Make sure this PostgreSQL database password gets changed and removed from the code.,cwe,SECURITY
panaversity/learn-agentic-ai,Jupyter Notebook,mined,940,secrets:S6334,Google API keys should not be disclosed,VULNERABILITY,BLOCKER,panaversity.learn-agentic-ai:07c_langgraph_functional_api/18_langchain_ecosystem/langgraph/course-notebooks/module-1/00_edges_nodes_graph.ipynb,"Make sure this Google API Key is either secured or revoked, changed, and removed from the code.",cwe,SECURITY
panaversity/learn-agentic-ai,Jupyter Notebook,mined,940,secrets:S6334,Google API keys should not be disclosed,VULNERABILITY,BLOCKER,panaversity.learn-agentic-ai:07c_langgraph_functional_api/18_langchain_ecosystem/langgraph/course-notebooks/module-3/1_streaming_interruption.ipynb,"Make sure this Google API Key is either secured or revoked, changed, and removed from the code.",cwe,SECURITY
panaversity/learn-agentic-ai,Jupyter Notebook,mined,940,secrets:S6334,Google API keys should not be disclosed,VULNERABILITY,BLOCKER,panaversity.learn-agentic-ai:07c_langgraph_functional_api/18_langchain_ecosystem/langgraph/course-notebooks/module-3/1_streaming_interruption.ipynb,"Make sure this Google API Key is either secured or revoked, changed, and removed from the code.",cwe,SECURITY
panaversity/learn-agentic-ai,Jupyter Notebook,mined,940,secrets:S6334,Google API keys should not be disclosed,VULNERABILITY,BLOCKER,panaversity.learn-agentic-ai:07c_langgraph_functional_api/18_langchain_ecosystem/langgraph/course-notebooks/module-3/2_breakpoints.ipynb,"Make sure this Google API Key is either secured or revoked, changed, and removed from the code.",cwe,SECURITY
panaversity/learn-agentic-ai,Jupyter Notebook,mined,940,secrets:S6334,Google API keys should not be disclosed,VULNERABILITY,BLOCKER,panaversity.learn-agentic-ai:07c_langgraph_functional_api/18_langchain_ecosystem/langgraph/course-notebooks/module-3/2_breakpoints.ipynb,"Make sure this Google API Key is either secured or revoked, changed, and removed from the code.",cwe,SECURITY
panaversity/learn-agentic-ai,Jupyter Notebook,mined,940,secrets:S6334,Google API keys should not be disclosed,VULNERABILITY,BLOCKER,panaversity.learn-agentic-ai:07c_langgraph_functional_api/18_langchain_ecosystem/langgraph/course-notebooks/module-3/3_edit_state_human_feedback.ipynb,"Make sure this Google API Key is either secured or revoked, changed, and removed from the code.",cwe,SECURITY
panaversity/learn-agentic-ai,Jupyter Notebook,mined,940,secrets:S6334,Google API keys should not be disclosed,VULNERABILITY,BLOCKER,panaversity.learn-agentic-ai:07c_langgraph_functional_api/18_langchain_ecosystem/langgraph/course-notebooks/module-3/5_time_travel.ipynb,"Make sure this Google API Key is either secured or revoked, changed, and removed from the code.",cwe,SECURITY
panaversity/learn-agentic-ai,Jupyter Notebook,mined,940,secrets:S6334,Google API keys should not be disclosed,VULNERABILITY,BLOCKER,panaversity.learn-agentic-ai:07c_langgraph_functional_api/18_langchain_ecosystem/langgraph/course-notebooks/module-4/1_parallelization.ipynb,"Make sure this Google API Key is either secured or revoked, changed, and removed from the code.",cwe,SECURITY
panaversity/learn-agentic-ai,Jupyter Notebook,mined,940,secrets:S6334,Google API keys should not be disclosed,VULNERABILITY,BLOCKER,panaversity.learn-agentic-ai:07c_langgraph_functional_api/18_langchain_ecosystem/langgraph/course-notebooks/module-4/3_map_reduce.ipynb,"Make sure this Google API Key is either secured or revoked, changed, and removed from the code.",cwe,SECURITY
panaversity/learn-agentic-ai,Jupyter Notebook,mined,940,secrets:S6334,Google API keys should not be disclosed,VULNERABILITY,BLOCKER,panaversity.learn-agentic-ai:07c_langgraph_functional_api/18_langchain_ecosystem/langgraph/course-notebooks/module-2/1_state_schema.ipynb,"Make sure this Google API Key is either secured or revoked, changed, and removed from the code.",cwe,SECURITY
panaversity/learn-agentic-ai,Jupyter Notebook,mined,940,secrets:S6334,Google API keys should not be disclosed,VULNERABILITY,BLOCKER,panaversity.learn-agentic-ai:07c_langgraph_functional_api/18_langchain_ecosystem/langgraph/course-notebooks/module-2/1_state_schema.ipynb,"Make sure this Google API Key is either secured or revoked, changed, and removed from the code.",cwe,SECURITY
panaversity/learn-agentic-ai,Jupyter Notebook,mined,940,secrets:S6334,Google API keys should not be disclosed,VULNERABILITY,BLOCKER,panaversity.learn-agentic-ai:07c_langgraph_functional_api/18_langchain_ecosystem/langgraph/course-notebooks/module-2/2_state_reducers.ipynb,"Make sure this Google API Key is either secured or revoked, changed, and removed from the code.",cwe,SECURITY
panaversity/learn-agentic-ai,Jupyter Notebook,mined,940,secrets:S6334,Google API keys should not be disclosed,VULNERABILITY,BLOCKER,panaversity.learn-agentic-ai:07c_langgraph_functional_api/18_langchain_ecosystem/langgraph/course-notebooks/module-2/2_state_reducers.ipynb,"Make sure this Google API Key is either secured or revoked, changed, and removed from the code.",cwe,SECURITY
panaversity/learn-agentic-ai,Jupyter Notebook,mined,940,secrets:S6334,Google API keys should not be disclosed,VULNERABILITY,BLOCKER,panaversity.learn-agentic-ai:07c_langgraph_functional_api/18_langchain_ecosystem/langgraph/course-notebooks/module-2/4_trim_filter_messages.ipynb,"Make sure this Google API Key is either secured or revoked, changed, and removed from the code.",cwe,SECURITY
panaversity/learn-agentic-ai,Jupyter Notebook,mined,940,secrets:S6334,Google API keys should not be disclosed,VULNERABILITY,BLOCKER,panaversity.learn-agentic-ai:07c_langgraph_functional_api/18_langchain_ecosystem/langgraph/course-notebooks/module-2/4_trim_filter_messages.ipynb,"Make sure this Google API Key is either secured or revoked, changed, and removed from the code.",cwe,SECURITY
panaversity/learn-agentic-ai,Jupyter Notebook,mined,940,secrets:S6334,Google API keys should not be disclosed,VULNERABILITY,BLOCKER,panaversity.learn-agentic-ai:07c_langgraph_functional_api/18_langchain_ecosystem/langgraph/course-notebooks/module-2/5_chatbot_summarization.ipynb,"Make sure this Google API Key is either secured or revoked, changed, and removed from the code.",cwe,SECURITY
panaversity/learn-agentic-ai,Jupyter Notebook,mined,940,secrets:S6334,Google API keys should not be disclosed,VULNERABILITY,BLOCKER,panaversity.learn-agentic-ai:07c_langgraph_functional_api/18_langchain_ecosystem/langgraph/course-notebooks/module-2/5_chatbot_summarization.ipynb,"Make sure this Google API Key is either secured or revoked, changed, and removed from the code.",cwe,SECURITY
panaversity/learn-agentic-ai,Jupyter Notebook,mined,940,secrets:S6334,Google API keys should not be disclosed,VULNERABILITY,BLOCKER,panaversity.learn-agentic-ai:07c_langgraph_functional_api/18_langchain_ecosystem/langgraph/course-notebooks/module-2/6.0_chatbot_external_memory_with_sqlite.ipynb,"Make sure this Google API Key is either secured or revoked, changed, and removed from the code.",cwe,SECURITY
panaversity/learn-agentic-ai,Jupyter Notebook,mined,940,secrets:S6334,Google API keys should not be disclosed,VULNERABILITY,BLOCKER,panaversity.learn-agentic-ai:07c_langgraph_functional_api/18_langchain_ecosystem/langgraph/course-notebooks/module-2/6.0_chatbot_external_memory_with_sqlite.ipynb,"Make sure this Google API Key is either secured or revoked, changed, and removed from the code.",cwe,SECURITY
hashintel/hash,TypeScript,mined,1151,terraform:S4423,Weak SSL/TLS protocols should not be used,VULNERABILITY,CRITICAL,hashintel.hash:infra/terraform/modules/opensearch/opensearch.tf,"Set ""domain_endpoint_options.tls_security_policy"" to disable support of older TLS versions.","cwe, gcp, privacy, aws, azure",SECURITY
hashintel/hash,TypeScript,mined,1151,typescript:S2819,Origins should be verified during cross-origin communications,VULNERABILITY,CRITICAL,hashintel.hash:apps/hash-frontend/src/components/sandbox/block-framer/block-framer.tsx,Specify a target origin for this message.,"cwe, html5, type-dependent",SECURITY
hashintel/hash,TypeScript,mined,1151,typescript:S2819,Origins should be verified during cross-origin communications,VULNERABILITY,CRITICAL,hashintel.hash:apps/hash-frontend/src/components/sandbox/framed-block/util.ts,Specify a target origin for this message.,"cwe, html5, type-dependent",SECURITY
get-convex/convex-backend,Rust,mined,3399,secrets:S6706,Cryptographic private keys should not be disclosed,VULNERABILITY,BLOCKER,get-convex.convex-backend:npm-packages/udf-tests/convex/js_builtins/crypto.ts,"Make sure this private key gets revoked, changed, and removed from the code.",cwe,SECURITY
get-convex/convex-backend,Rust,mined,3399,secrets:S6706,Cryptographic private keys should not be disclosed,VULNERABILITY,BLOCKER,get-convex.convex-backend:npm-packages/udf-tests/convex/js_builtins/crypto.ts,"Make sure this private key gets revoked, changed, and removed from the code.",cwe,SECURITY
get-convex/convex-backend,Rust,mined,3399,secrets:S6706,Cryptographic private keys should not be disclosed,VULNERABILITY,BLOCKER,get-convex.convex-backend:npm-packages/udf-tests/convex/js_builtins/crypto.ts,"Make sure this private key gets revoked, changed, and removed from the code.",cwe,SECURITY
get-convex/convex-backend,Rust,mined,3399,secrets:S6706,Cryptographic private keys should not be disclosed,VULNERABILITY,BLOCKER,get-convex.convex-backend:npm-packages/udf-tests/convex/js_builtins/crypto.ts,"Make sure this private key gets revoked, changed, and removed from the code.",cwe,SECURITY
get-convex/convex-backend,Rust,mined,3399,secrets:S6706,Cryptographic private keys should not be disclosed,VULNERABILITY,BLOCKER,get-convex.convex-backend:npm-packages/udf-tests/convex/js_builtins/crypto.ts,"Make sure this private key gets revoked, changed, and removed from the code.",cwe,SECURITY
get-convex/convex-backend,Rust,mined,3399,secrets:S6706,Cryptographic private keys should not be disclosed,VULNERABILITY,BLOCKER,get-convex.convex-backend:npm-packages/udf-tests/convex/js_builtins/crypto.ts,"Make sure this private key gets revoked, changed, and removed from the code.",cwe,SECURITY
flatironinstitute/neurosift,TypeScript,mined,53,typescript:S2819,Origins should be verified during cross-origin communications,VULNERABILITY,CRITICAL,flatironinstitute.neurosift:src/pages/NwbPage/MainTab.tsx,Specify a target origin for this message.,"cwe, html5, type-dependent",SECURITY
flatironinstitute/neurosift,TypeScript,mined,53,typescript:S2819,Origins should be verified during cross-origin communications,VULNERABILITY,CRITICAL,flatironinstitute.neurosift:src/ai-integration/messaging/windowMessaging.ts,Specify a target origin for this message.,"cwe, html5, type-dependent",SECURITY
flatironinstitute/neurosift,TypeScript,mined,53,typescript:S2819,Origins should be verified during cross-origin communications,VULNERABILITY,CRITICAL,flatironinstitute.neurosift:src/ai-integration/messaging/windowMessaging.ts,Specify a target origin for this message.,"cwe, html5, type-dependent",SECURITY
flatironinstitute/neurosift,TypeScript,mined,53,typescript:S2819,Origins should be verified during cross-origin communications,VULNERABILITY,CRITICAL,flatironinstitute.neurosift:src/ai-integration/messaging/windowMessaging.ts,Specify a target origin for this message.,"cwe, html5, type-dependent",SECURITY
flatironinstitute/neurosift,TypeScript,mined,53,typescript:S2819,Origins should be verified during cross-origin communications,VULNERABILITY,CRITICAL,flatironinstitute.neurosift:src/ai-integration/messaging/windowMessaging.ts,Specify a target origin for this message.,"cwe, html5, type-dependent",SECURITY
latitude-dev/latitude-llm,TypeScript,mined,1796,typescript:S5542,Encryption algorithms should be used with secure mode and padding scheme,VULNERABILITY,CRITICAL,latitude-dev.latitude-llm:packages/core/src/lib/encryption.ts,Use a secure mode and padding scheme.,"cwe, privacy",SECURITY
latitude-dev/latitude-llm,TypeScript,mined,1796,secrets:S6698,PostgreSQL database passwords should not be disclosed,VULNERABILITY,BLOCKER,latitude-dev.latitude-llm:packages/env/src/index.ts,Make sure this PostgreSQL database password gets changed and removed from the code.,cwe,SECURITY
latitude-dev/latitude-llm,TypeScript,mined,1796,secrets:S6698,PostgreSQL database passwords should not be disclosed,VULNERABILITY,BLOCKER,latitude-dev.latitude-llm:packages/core/drizzle.config.ts,Make sure this PostgreSQL database password gets changed and removed from the code.,cwe,SECURITY
block/goose,Rust,mined,10607,secrets:S6698,PostgreSQL database passwords should not be disclosed,VULNERABILITY,BLOCKER,block.goose:scripts/langfuse-docker-compose.yaml,Make sure this PostgreSQL database password gets changed and removed from the code.,cwe,SECURITY
remotion-dev/remotion,TypeScript,mined,21742,typescript:S2819,Origins should be verified during cross-origin communications,VULNERABILITY,CRITICAL,remotion-dev.remotion:packages/gif/src/worker/worker.ts,Verify the origin of the received message.,"cwe, html5, type-dependent",SECURITY
microsoft/semanticworkbench,Python,mined,175,python:S5659,JWT should be signed and verified,VULNERABILITY,CRITICAL,microsoft.semanticworkbench:workbench-service/semantic_workbench_service/middleware.py,Don't use a JWT token without verifying its signature.,"cwe, privacy",SECURITY
microsoft/semanticworkbench,Python,mined,175,python:S5659,JWT should be signed and verified,VULNERABILITY,CRITICAL,microsoft.semanticworkbench:workbench-service/semantic_workbench_service/middleware.py,Don't use a JWT token without verifying its signature.,"cwe, privacy",SECURITY
devflowinc/trieve,Rust,mined,2001,kubernetes:S6865,Service account permissions should be restricted,VULNERABILITY,MAJOR,devflowinc.trieve:charts/trieve/charts/keycloak/templates/keycloak-operator.yaml,"Bind this Service Account to RBAC or disable ""automountServiceAccountToken"".",,SECURITY
devflowinc/trieve,Rust,mined,2001,kubernetes:S6865,Service account permissions should be restricted,VULNERABILITY,MAJOR,devflowinc.trieve:charts/trieve/charts/keycloak/templates/keycloak-postgres.yaml,Bind this resource's automounted service account to RBAC or disable automounting.,,SECURITY
devflowinc/trieve,Rust,mined,2001,kubernetes:S6864,Memory limits should be enforced,VULNERABILITY,MAJOR,devflowinc.trieve:charts/trieve/charts/keycloak/templates/keycloak-postgres.yaml,Specify a memory limit for this container.,,SECURITY
devflowinc/trieve,Rust,mined,2001,kubernetes:S6870,Storage limits should be enforced,VULNERABILITY,MAJOR,devflowinc.trieve:charts/trieve/charts/keycloak/templates/keycloak-postgres.yaml,Specify a storage limit for this container.,,SECURITY
devflowinc/trieve,Rust,mined,2001,kubernetes:S6870,Storage limits should be enforced,VULNERABILITY,MAJOR,devflowinc.trieve:charts/trieve/charts/postgres/templates/postgres-operator.yaml,Specify a storage limit for this container.,,SECURITY
devflowinc/trieve,Rust,mined,2001,kubernetes:S6865,Service account permissions should be restricted,VULNERABILITY,MAJOR,devflowinc.trieve:charts/trieve/charts/postgres/templates/postgres-operator.yaml,"Bind this Service Account to RBAC or disable ""automountServiceAccountToken"".",,SECURITY
devflowinc/trieve,Rust,mined,2001,kubernetes:S6864,Memory limits should be enforced,VULNERABILITY,MAJOR,devflowinc.trieve:charts/trieve/templates/workers/bktree-worker-deployment.yaml,Specify a memory limit for this container.,,SECURITY
devflowinc/trieve,Rust,mined,2001,kubernetes:S6865,Service account permissions should be restricted,VULNERABILITY,MAJOR,devflowinc.trieve:charts/trieve/templates/workers/bktree-worker-deployment.yaml,Bind this resource's automounted service account to RBAC or disable automounting.,,SECURITY
devflowinc/trieve,Rust,mined,2001,kubernetes:S6864,Memory limits should be enforced,VULNERABILITY,MAJOR,devflowinc.trieve:charts/trieve/templates/workers/crawl-worker-deployment.yaml,Specify a memory limit for this container.,,SECURITY
devflowinc/trieve,Rust,mined,2001,kubernetes:S6865,Service account permissions should be restricted,VULNERABILITY,MAJOR,devflowinc.trieve:charts/trieve/templates/workers/crawl-worker-deployment.yaml,Bind this resource's automounted service account to RBAC or disable automounting.,,SECURITY
devflowinc/trieve,Rust,mined,2001,kubernetes:S6864,Memory limits should be enforced,VULNERABILITY,MAJOR,devflowinc.trieve:charts/trieve/templates/workers/csv-jsonl-worker.yaml,Specify a memory limit for this container.,,SECURITY
devflowinc/trieve,Rust,mined,2001,kubernetes:S6865,Service account permissions should be restricted,VULNERABILITY,MAJOR,devflowinc.trieve:charts/trieve/templates/workers/csv-jsonl-worker.yaml,Bind this resource's automounted service account to RBAC or disable automounting.,,SECURITY
devflowinc/trieve,Rust,mined,2001,kubernetes:S6865,Service account permissions should be restricted,VULNERABILITY,MAJOR,devflowinc.trieve:charts/trieve/templates/workers/etl-worker-deployment.yaml,Bind this resource's automounted service account to RBAC or disable automounting.,,SECURITY
devflowinc/trieve,Rust,mined,2001,kubernetes:S6864,Memory limits should be enforced,VULNERABILITY,MAJOR,devflowinc.trieve:charts/trieve/templates/workers/etl-worker-deployment.yaml,Specify a memory limit for this container.,,SECURITY
devflowinc/trieve,Rust,mined,2001,kubernetes:S6865,Service account permissions should be restricted,VULNERABILITY,MAJOR,devflowinc.trieve:charts/trieve/templates/workers/fileworker-deployment.yaml,Bind this resource's automounted service account to RBAC or disable automounting.,,SECURITY
devflowinc/trieve,Rust,mined,2001,kubernetes:S6864,Memory limits should be enforced,VULNERABILITY,MAJOR,devflowinc.trieve:charts/trieve/templates/workers/fileworker-deployment.yaml,Specify a memory limit for this container.,,SECURITY
devflowinc/trieve,Rust,mined,2001,kubernetes:S6865,Service account permissions should be restricted,VULNERABILITY,MAJOR,devflowinc.trieve:charts/trieve/templates/workers/groupworker-deployment.yaml,Bind this resource's automounted service account to RBAC or disable automounting.,,SECURITY
devflowinc/trieve,Rust,mined,2001,kubernetes:S6864,Memory limits should be enforced,VULNERABILITY,MAJOR,devflowinc.trieve:charts/trieve/templates/workers/groupworker-deployment.yaml,Specify a memory limit for this container.,,SECURITY
devflowinc/trieve,Rust,mined,2001,kubernetes:S6865,Service account permissions should be restricted,VULNERABILITY,MAJOR,devflowinc.trieve:charts/trieve/templates/workers/ingest-deployment.yaml,Bind this resource's automounted service account to RBAC or disable automounting.,,SECURITY
devflowinc/trieve,Rust,mined,2001,kubernetes:S6864,Memory limits should be enforced,VULNERABILITY,MAJOR,devflowinc.trieve:charts/trieve/templates/workers/ingest-deployment.yaml,Specify a memory limit for this container.,,SECURITY
devflowinc/trieve,Rust,mined,2001,kubernetes:S6865,Service account permissions should be restricted,VULNERABILITY,MAJOR,devflowinc.trieve:charts/trieve/templates/workers/openai-ingest.yaml,Bind this resource's automounted service account to RBAC or disable automounting.,,SECURITY
devflowinc/trieve,Rust,mined,2001,kubernetes:S6864,Memory limits should be enforced,VULNERABILITY,MAJOR,devflowinc.trieve:charts/trieve/templates/workers/openai-ingest.yaml,Specify a memory limit for this container.,,SECURITY
devflowinc/trieve,Rust,mined,2001,kubernetes:S6864,Memory limits should be enforced,VULNERABILITY,MAJOR,devflowinc.trieve:charts/trieve/templates/workers/pagefind-worker-deployment.yaml,Specify a memory limit for this container.,,SECURITY
devflowinc/trieve,Rust,mined,2001,kubernetes:S6865,Service account permissions should be restricted,VULNERABILITY,MAJOR,devflowinc.trieve:charts/trieve/templates/workers/pagefind-worker-deployment.yaml,Bind this resource's automounted service account to RBAC or disable automounting.,,SECURITY
devflowinc/trieve,Rust,mined,2001,kubernetes:S6865,Service account permissions should be restricted,VULNERABILITY,MAJOR,devflowinc.trieve:charts/trieve/templates/workers/update-worker-deployment.yaml,Bind this resource's automounted service account to RBAC or disable automounting.,,SECURITY
devflowinc/trieve,Rust,mined,2001,kubernetes:S6864,Memory limits should be enforced,VULNERABILITY,MAJOR,devflowinc.trieve:charts/trieve/templates/workers/update-worker-deployment.yaml,Specify a memory limit for this container.,,SECURITY
devflowinc/trieve,Rust,mined,2001,kubernetes:S6865,Service account permissions should be restricted,VULNERABILITY,MAJOR,devflowinc.trieve:charts/trieve/templates/workers/wordworker-deployment.yaml,Bind this resource's automounted service account to RBAC or disable automounting.,,SECURITY
devflowinc/trieve,Rust,mined,2001,kubernetes:S6864,Memory limits should be enforced,VULNERABILITY,MAJOR,devflowinc.trieve:charts/trieve/templates/workers/wordworker-deployment.yaml,Specify a memory limit for this container.,,SECURITY
devflowinc/trieve,Rust,mined,2001,kubernetes:S6864,Memory limits should be enforced,VULNERABILITY,MAJOR,devflowinc.trieve:charts/trieve/templates/deployments/embeddings-deployment.yaml,Specify a memory limit for this container.,,SECURITY
devflowinc/trieve,Rust,mined,2001,kubernetes:S6865,Service account permissions should be restricted,VULNERABILITY,MAJOR,devflowinc.trieve:charts/trieve/test-production/clickhouse/clickhouse-operator.yaml,"Bind this Service Account to RBAC or disable ""automountServiceAccountToken"".",,SECURITY
devflowinc/trieve,Rust,mined,2001,kubernetes:S6864,Memory limits should be enforced,VULNERABILITY,MAJOR,devflowinc.trieve:charts/trieve/test-production/clickhouse/clickhouse-operator.yaml,Specify a memory limit for this container.,,SECURITY
devflowinc/trieve,Rust,mined,2001,kubernetes:S6864,Memory limits should be enforced,VULNERABILITY,MAJOR,devflowinc.trieve:charts/trieve/test-production/clickhouse/clickhouse-operator.yaml,Specify a memory limit for this container.,,SECURITY
devflowinc/trieve,Rust,mined,2001,kubernetes:S6865,Service account permissions should be restricted,VULNERABILITY,MAJOR,devflowinc.trieve:charts/trieve/test-production/cloud-sql-proxy.yaml,"Bind this Service Account to RBAC or disable ""automountServiceAccountToken"".",,SECURITY
devflowinc/trieve,Rust,mined,2001,kubernetes:S6864,Memory limits should be enforced,VULNERABILITY,MAJOR,devflowinc.trieve:charts/trieve/test-production/cloud-sql-proxy.yaml,Specify a memory limit for this container.,,SECURITY
devflowinc/trieve,Rust,mined,2001,kubernetes:S6870,Storage limits should be enforced,VULNERABILITY,MAJOR,devflowinc.trieve:charts/trieve/test-production/cnpg/operator.yaml,Specify a storage limit for this container.,,SECURITY
devflowinc/trieve,Rust,mined,2001,kubernetes:S6865,Service account permissions should be restricted,VULNERABILITY,MAJOR,devflowinc.trieve:charts/trieve/test-production/cnpg/operator.yaml,"Bind this Service Account to RBAC or disable ""automountServiceAccountToken"".",,SECURITY
devflowinc/trieve,Rust,mined,2001,kubernetes:S6865,Service account permissions should be restricted,VULNERABILITY,MAJOR,devflowinc.trieve:charts/trieve/test-production/keycloak/keycloak-operator.yaml,"Bind this Service Account to RBAC or disable ""automountServiceAccountToken"".",,SECURITY
devflowinc/trieve,Rust,mined,2001,kubernetes:S6865,Service account permissions should be restricted,VULNERABILITY,MAJOR,devflowinc.trieve:charts/trieve/test-production/keycloak/keycloak-postgres.yaml,Bind this resource's automounted service account to RBAC or disable automounting.,,SECURITY
devflowinc/trieve,Rust,mined,2001,kubernetes:S6864,Memory limits should be enforced,VULNERABILITY,MAJOR,devflowinc.trieve:charts/trieve/test-production/keycloak/keycloak-postgres.yaml,Specify a memory limit for this container.,,SECURITY
devflowinc/trieve,Rust,mined,2001,kubernetes:S6870,Storage limits should be enforced,VULNERABILITY,MAJOR,devflowinc.trieve:charts/trieve/test-production/keycloak/keycloak-postgres.yaml,Specify a storage limit for this container.,,SECURITY
devflowinc/trieve,Rust,mined,2001,kubernetes:S6865,Service account permissions should be restricted,VULNERABILITY,MAJOR,devflowinc.trieve:charts/trieve/test/clickhouse-operator.yaml,"Bind this Service Account to RBAC or disable ""automountServiceAccountToken"".",,SECURITY
devflowinc/trieve,Rust,mined,2001,kubernetes:S6864,Memory limits should be enforced,VULNERABILITY,MAJOR,devflowinc.trieve:charts/trieve/test/clickhouse-operator.yaml,Specify a memory limit for this container.,,SECURITY
devflowinc/trieve,Rust,mined,2001,kubernetes:S6864,Memory limits should be enforced,VULNERABILITY,MAJOR,devflowinc.trieve:charts/trieve/test/clickhouse-operator.yaml,Specify a memory limit for this container.,,SECURITY
devflowinc/trieve,Rust,mined,2001,kubernetes:S6865,Service account permissions should be restricted,VULNERABILITY,MAJOR,devflowinc.trieve:charts/trieve/test/keycloak-operator.yaml,"Bind this Service Account to RBAC or disable ""automountServiceAccountToken"".",,SECURITY
devflowinc/trieve,Rust,mined,2001,kubernetes:S6865,Service account permissions should be restricted,VULNERABILITY,MAJOR,devflowinc.trieve:charts/trieve/test/keycloak-postgres.yaml,Bind this resource's automounted service account to RBAC or disable automounting.,,SECURITY
devflowinc/trieve,Rust,mined,2001,kubernetes:S6870,Storage limits should be enforced,VULNERABILITY,MAJOR,devflowinc.trieve:charts/trieve/test/keycloak-postgres.yaml,Specify a storage limit for this container.,,SECURITY
devflowinc/trieve,Rust,mined,2001,kubernetes:S6864,Memory limits should be enforced,VULNERABILITY,MAJOR,devflowinc.trieve:charts/trieve/test/keycloak-postgres.yaml,Specify a memory limit for this container.,,SECURITY
devflowinc/trieve,Rust,mined,2001,kubernetes:S6865,Service account permissions should be restricted,VULNERABILITY,MAJOR,devflowinc.trieve:charts/trieve/test/postgres.yaml,Bind this resource's automounted service account to RBAC or disable automounting.,,SECURITY
devflowinc/trieve,Rust,mined,2001,kubernetes:S6864,Memory limits should be enforced,VULNERABILITY,MAJOR,devflowinc.trieve:charts/trieve/test/postgres.yaml,Specify a memory limit for this container.,,SECURITY
devflowinc/trieve,Rust,mined,2001,kubernetes:S6870,Storage limits should be enforced,VULNERABILITY,MAJOR,devflowinc.trieve:charts/trieve/test/postgres.yaml,Specify a storage limit for this container.,,SECURITY
devflowinc/trieve,Rust,mined,2001,kubernetes:S6865,Service account permissions should be restricted,VULNERABILITY,MAJOR,devflowinc.trieve:charts/trieve/test/redis.yaml,Bind this resource's automounted service account to RBAC or disable automounting.,,SECURITY
devflowinc/trieve,Rust,mined,2001,kubernetes:S6864,Memory limits should be enforced,VULNERABILITY,MAJOR,devflowinc.trieve:charts/trieve/test/redis.yaml,Specify a memory limit for this container.,,SECURITY
devflowinc/trieve,Rust,mined,2001,kubernetes:S6865,Service account permissions should be restricted,VULNERABILITY,MAJOR,devflowinc.trieve:pdf2md/k8s/api.yaml,Bind this resource's automounted service account to RBAC or disable automounting.,,SECURITY
devflowinc/trieve,Rust,mined,2001,kubernetes:S6864,Memory limits should be enforced,VULNERABILITY,MAJOR,devflowinc.trieve:pdf2md/k8s/api.yaml,Specify a memory limit for this container.,,SECURITY
devflowinc/trieve,Rust,mined,2001,kubernetes:S6865,Service account permissions should be restricted,VULNERABILITY,MAJOR,devflowinc.trieve:pdf2md/k8s/chunk-worker.yaml,Bind this resource's automounted service account to RBAC or disable automounting.,,SECURITY
devflowinc/trieve,Rust,mined,2001,kubernetes:S6864,Memory limits should be enforced,VULNERABILITY,MAJOR,devflowinc.trieve:pdf2md/k8s/chunk-worker.yaml,Specify a memory limit for this container.,,SECURITY
devflowinc/trieve,Rust,mined,2001,kubernetes:S6865,Service account permissions should be restricted,VULNERABILITY,MAJOR,devflowinc.trieve:pdf2md/k8s/supervisor-worker.yaml,Bind this resource's automounted service account to RBAC or disable automounting.,,SECURITY
devflowinc/trieve,Rust,mined,2001,kubernetes:S6864,Memory limits should be enforced,VULNERABILITY,MAJOR,devflowinc.trieve:pdf2md/k8s/supervisor-worker.yaml,Specify a memory limit for this container.,,SECURITY
devflowinc/trieve,Rust,mined,2001,kubernetes:S6867,Wildcards should not be used to define RBAC permissions,VULNERABILITY,MAJOR,devflowinc.trieve:glasskube/argocd/glasskube/glasskube.yaml,Replace this wildcard with a clear list of allowed resources.,,SECURITY
devflowinc/trieve,Rust,mined,2001,kubernetes:S6867,Wildcards should not be used to define RBAC permissions,VULNERABILITY,MAJOR,devflowinc.trieve:glasskube/argocd/glasskube/glasskube.yaml,Replace this wildcard with a clear list of allowed resources.,,SECURITY
devflowinc/trieve,Rust,mined,2001,kubernetes:S6867,Wildcards should not be used to define RBAC permissions,VULNERABILITY,MAJOR,devflowinc.trieve:glasskube/argocd/glasskube/glasskube.yaml,Replace this wildcard with a clear list of allowed resources.,,SECURITY
devflowinc/trieve,Rust,mined,2001,kubernetes:S6867,Wildcards should not be used to define RBAC permissions,VULNERABILITY,MAJOR,devflowinc.trieve:glasskube/argocd/glasskube/glasskube.yaml,Replace this wildcard with a clear list of allowed resources.,,SECURITY
devflowinc/trieve,Rust,mined,2001,kubernetes:S6867,Wildcards should not be used to define RBAC permissions,VULNERABILITY,MAJOR,devflowinc.trieve:glasskube/argocd/glasskube/glasskube.yaml,Replace this wildcard with a clear list of allowed resources.,,SECURITY
devflowinc/trieve,Rust,mined,2001,kubernetes:S6867,Wildcards should not be used to define RBAC permissions,VULNERABILITY,MAJOR,devflowinc.trieve:glasskube/argocd/glasskube/glasskube.yaml,Replace this wildcard with a clear list of allowed resources.,,SECURITY
devflowinc/trieve,Rust,mined,2001,kubernetes:S6867,Wildcards should not be used to define RBAC permissions,VULNERABILITY,MAJOR,devflowinc.trieve:glasskube/argocd/glasskube/glasskube.yaml,Replace this wildcard with a clear list of allowed resources.,,SECURITY
devflowinc/trieve,Rust,mined,2001,kubernetes:S6867,Wildcards should not be used to define RBAC permissions,VULNERABILITY,MAJOR,devflowinc.trieve:glasskube/argocd/glasskube/glasskube.yaml,Replace this wildcard with a clear list of allowed resources.,,SECURITY
devflowinc/trieve,Rust,mined,2001,kubernetes:S6867,Wildcards should not be used to define RBAC permissions,VULNERABILITY,MAJOR,devflowinc.trieve:glasskube/argocd/glasskube/glasskube.yaml,Replace this wildcard with a clear list of allowed resources.,,SECURITY
devflowinc/trieve,Rust,mined,2001,kubernetes:S6867,Wildcards should not be used to define RBAC permissions,VULNERABILITY,MAJOR,devflowinc.trieve:glasskube/argocd/glasskube/glasskube.yaml,Replace this wildcard with a clear list of allowed resources.,,SECURITY
devflowinc/trieve,Rust,mined,2001,kubernetes:S6867,Wildcards should not be used to define RBAC permissions,VULNERABILITY,MAJOR,devflowinc.trieve:glasskube/argocd/glasskube/glasskube.yaml,Replace this wildcard with a clear list of allowed resources.,,SECURITY
devflowinc/trieve,Rust,mined,2001,kubernetes:S6867,Wildcards should not be used to define RBAC permissions,VULNERABILITY,MAJOR,devflowinc.trieve:glasskube/argocd/glasskube/glasskube.yaml,Replace this wildcard with a clear list of allowed resources.,,SECURITY
devflowinc/trieve,Rust,mined,2001,kubernetes:S6870,Storage limits should be enforced,VULNERABILITY,MAJOR,devflowinc.trieve:glasskube/argocd/glasskube/glasskube.yaml,Specify a storage limit for this container.,,SECURITY
devflowinc/trieve,Rust,mined,2001,kubernetes:S6865,Service account permissions should be restricted,VULNERABILITY,MAJOR,devflowinc.trieve:glasskube/argocd/glasskube/glasskube.yaml,"Bind this Service Account to RBAC or disable ""automountServiceAccountToken"".",,SECURITY
devflowinc/trieve,Rust,mined,2001,kubernetes:S6870,Storage limits should be enforced,VULNERABILITY,MAJOR,devflowinc.trieve:glasskube/argocd/glasskube/glasskube.yaml,Specify a storage limit for this container.,,SECURITY
devflowinc/trieve,Rust,mined,2001,kubernetes:S6865,Service account permissions should be restricted,VULNERABILITY,MAJOR,devflowinc.trieve:glasskube/argocd/glasskube/glasskube.yaml,"Bind this Service Account to RBAC or disable ""automountServiceAccountToken"".",,SECURITY
devflowinc/trieve,Rust,mined,2001,kubernetes:S6865,Service account permissions should be restricted,VULNERABILITY,MAJOR,devflowinc.trieve:glasskube/trieve/embeddings/base/deployment.yaml,Bind this resource's automounted service account to RBAC or disable automounting.,,SECURITY
devflowinc/trieve,Rust,mined,2001,kubernetes:S6865,Service account permissions should be restricted,VULNERABILITY,MAJOR,devflowinc.trieve:glasskube/trieve/embeddings/bgem3/deployment-patch.yaml,Bind this resource's automounted service account to RBAC or disable automounting.,,SECURITY
devflowinc/trieve,Rust,mined,2001,kubernetes:S6864,Memory limits should be enforced,VULNERABILITY,MAJOR,devflowinc.trieve:glasskube/trieve/embeddings/bgem3/deployment-patch.yaml,Specify a memory limit for this container.,,SECURITY
devflowinc/trieve,Rust,mined,2001,kubernetes:S6865,Service account permissions should be restricted,VULNERABILITY,MAJOR,devflowinc.trieve:glasskube/trieve/embeddings/components/gpu/deployment-patch.yaml,Bind this resource's automounted service account to RBAC or disable automounting.,,SECURITY
devflowinc/trieve,Rust,mined,2001,kubernetes:S6864,Memory limits should be enforced,VULNERABILITY,MAJOR,devflowinc.trieve:glasskube/trieve/embeddings/components/gpu/deployment-patch.yaml,Specify a memory limit for this container.,,SECURITY
devflowinc/trieve,Rust,mined,2001,kubernetes:S6865,Service account permissions should be restricted,VULNERABILITY,MAJOR,devflowinc.trieve:glasskube/trieve/embeddings/jina/deployment-patch.yaml,Bind this resource's automounted service account to RBAC or disable automounting.,,SECURITY
devflowinc/trieve,Rust,mined,2001,kubernetes:S6865,Service account permissions should be restricted,VULNERABILITY,MAJOR,devflowinc.trieve:glasskube/trieve/embeddings/reranker/deployment-patch.yaml,Bind this resource's automounted service account to RBAC or disable automounting.,,SECURITY
devflowinc/trieve,Rust,mined,2001,kubernetes:S6865,Service account permissions should be restricted,VULNERABILITY,MAJOR,devflowinc.trieve:glasskube/trieve/embeddings/splade-doc/deployment-patch.yaml,Bind this resource's automounted service account to RBAC or disable automounting.,,SECURITY
devflowinc/trieve,Rust,mined,2001,kubernetes:S6865,Service account permissions should be restricted,VULNERABILITY,MAJOR,devflowinc.trieve:glasskube/trieve/embeddings/splade-query/deployment-patch.yaml,Bind this resource's automounted service account to RBAC or disable automounting.,,SECURITY
devflowinc/trieve,Rust,mined,2001,kubernetes:S6865,Service account permissions should be restricted,VULNERABILITY,MAJOR,devflowinc.trieve:glasskube/trieve/server/deployment.yaml,Bind this resource's automounted service account to RBAC or disable automounting.,,SECURITY
devflowinc/trieve,Rust,mined,2001,kubernetes:S6864,Memory limits should be enforced,VULNERABILITY,MAJOR,devflowinc.trieve:glasskube/trieve/server/deployment.yaml,Specify a memory limit for this container.,,SECURITY
devflowinc/trieve,Rust,mined,2001,kubernetes:S6865,Service account permissions should be restricted,VULNERABILITY,MAJOR,devflowinc.trieve:glasskube/trieve/ui/base/deployment.yaml,Bind this resource's automounted service account to RBAC or disable automounting.,,SECURITY
devflowinc/trieve,Rust,mined,2001,kubernetes:S6865,Service account permissions should be restricted,VULNERABILITY,MAJOR,devflowinc.trieve:glasskube/trieve/worker/base/deployment.yaml,Bind this resource's automounted service account to RBAC or disable automounting.,,SECURITY
devflowinc/trieve,Rust,mined,2001,kubernetes:S6865,Service account permissions should be restricted,VULNERABILITY,MAJOR,devflowinc.trieve:charts/trieve/templates/utils/syncqdrant-deployment.yaml,Bind this resource's automounted service account to RBAC or disable automounting.,,SECURITY
devflowinc/trieve,Rust,mined,2001,kubernetes:S6864,Memory limits should be enforced,VULNERABILITY,MAJOR,devflowinc.trieve:charts/trieve/templates/utils/syncqdrant-deployment.yaml,Specify a memory limit for this container.,,SECURITY
devflowinc/trieve,Rust,mined,2001,kubernetes:S6865,Service account permissions should be restricted,VULNERABILITY,MAJOR,devflowinc.trieve:charts/trieve/templates/workers/deleteworker-deployment.yaml,Bind this resource's automounted service account to RBAC or disable automounting.,,SECURITY
devflowinc/trieve,Rust,mined,2001,kubernetes:S6864,Memory limits should be enforced,VULNERABILITY,MAJOR,devflowinc.trieve:charts/trieve/templates/workers/deleteworker-deployment.yaml,Specify a memory limit for this container.,,SECURITY
devflowinc/trieve,Rust,mined,2001,kubernetes:S6865,Service account permissions should be restricted,VULNERABILITY,MAJOR,devflowinc.trieve:charts/trieve/templates/deployments/chat-deployment.yaml,Bind this resource's automounted service account to RBAC or disable automounting.,,SECURITY
devflowinc/trieve,Rust,mined,2001,kubernetes:S6864,Memory limits should be enforced,VULNERABILITY,MAJOR,devflowinc.trieve:charts/trieve/templates/deployments/chat-deployment.yaml,Specify a memory limit for this container.,,SECURITY
devflowinc/trieve,Rust,mined,2001,kubernetes:S6865,Service account permissions should be restricted,VULNERABILITY,MAJOR,devflowinc.trieve:charts/trieve/templates/deployments/dashboard-deployment.yaml,Bind this resource's automounted service account to RBAC or disable automounting.,,SECURITY
devflowinc/trieve,Rust,mined,2001,kubernetes:S6864,Memory limits should be enforced,VULNERABILITY,MAJOR,devflowinc.trieve:charts/trieve/templates/deployments/dashboard-deployment.yaml,Specify a memory limit for this container.,,SECURITY
devflowinc/trieve,Rust,mined,2001,kubernetes:S6865,Service account permissions should be restricted,VULNERABILITY,MAJOR,devflowinc.trieve:charts/trieve/templates/deployments/embeddings-deployment.yaml,Bind this resource's automounted service account to RBAC or disable automounting.,,SECURITY
devflowinc/trieve,Rust,mined,2001,kubernetes:S6865,Service account permissions should be restricted,VULNERABILITY,MAJOR,devflowinc.trieve:charts/trieve/templates/deployments/search-deployment.yaml,Bind this resource's automounted service account to RBAC or disable automounting.,,SECURITY
devflowinc/trieve,Rust,mined,2001,kubernetes:S6864,Memory limits should be enforced,VULNERABILITY,MAJOR,devflowinc.trieve:charts/trieve/templates/deployments/search-deployment.yaml,Specify a memory limit for this container.,,SECURITY
devflowinc/trieve,Rust,mined,2001,kubernetes:S6865,Service account permissions should be restricted,VULNERABILITY,MAJOR,devflowinc.trieve:charts/trieve/templates/deployments/server-deployment.yaml,Bind this resource's automounted service account to RBAC or disable automounting.,,SECURITY
devflowinc/trieve,Rust,mined,2001,kubernetes:S6864,Memory limits should be enforced,VULNERABILITY,MAJOR,devflowinc.trieve:charts/trieve/templates/deployments/server-deployment.yaml,Specify a memory limit for this container.,,SECURITY
danny-avila/LibreChat,TypeScript,mined,23441,kubernetes:S6865,Service account permissions should be restricted,VULNERABILITY,MAJOR,danny-avila.LibreChat:charts/librechat/templates/deployment.yaml,"Bind this Service Account to RBAC or disable ""automountServiceAccountToken"".",,MAINTAINABILITY
danny-avila/LibreChat,TypeScript,mined,23441,kubernetes:S6864,Memory limits should be enforced,VULNERABILITY,MAJOR,danny-avila.LibreChat:charts/librechat/templates/deployment.yaml,Specify a memory limit for this container.,,MAINTAINABILITY
fonoster/fonoster,TypeScript,mined,6542,secrets:S6706,Cryptographic private keys should not be disclosed,VULNERABILITY,BLOCKER,fonoster.fonoster:mods/identity/test/utils.ts,"Make sure this private key gets revoked, changed, and removed from the code.",cwe,SECURITY
moeru-ai/airi,TypeScript,mined,157,typescript:S2819,Origins should be verified during cross-origin communications,VULNERABILITY,CRITICAL,moeru-ai.airi:packages/provider-transformers/src/worker/index.ts,Verify the origin of the received message.,"cwe, html5, type-dependent",SECURITY
moeru-ai/airi,TypeScript,mined,157,typescript:S2819,Origins should be verified during cross-origin communications,VULNERABILITY,CRITICAL,moeru-ai.airi:packages/stage-ui/src/libs/workers/worker.ts,Verify the origin of the received message.,"cwe, html5, type-dependent",SECURITY
eclipse-theia/theia,TypeScript,mined,20496,typescript:S2819,Origins should be verified during cross-origin communications,VULNERABILITY,CRITICAL,eclipse-theia.theia:packages/plugin-ext/src/main/browser/notebooks/renderers/output-webview-internal.ts,Verify the origin of the received message.,"cwe, html5, type-dependent",SECURITY
eclipse-theia/theia,TypeScript,mined,20496,typescript:S2819,Origins should be verified during cross-origin communications,VULNERABILITY,CRITICAL,eclipse-theia.theia:packages/core/src/browser/window/default-secondary-window-service.ts,Verify the origin of the received message.,"cwe, html5, type-dependent",SECURITY
eclipse-theia/theia,TypeScript,mined,20496,typescript:S2819,Origins should be verified during cross-origin communications,VULNERABILITY,CRITICAL,eclipse-theia.theia:packages/core/src/browser/window/default-secondary-window-service.ts,Specify a target origin for this message.,"cwe, html5, type-dependent",SECURITY
eclipse-theia/theia,TypeScript,mined,20496,typescript:S2819,Origins should be verified during cross-origin communications,VULNERABILITY,CRITICAL,eclipse-theia.theia:packages/plugin-ext/src/main/browser/webview/webview.ts,Specify a target origin for this message.,"cwe, html5, type-dependent",SECURITY
eclipse-theia/theia,TypeScript,mined,20496,typescript:S2819,Origins should be verified during cross-origin communications,VULNERABILITY,CRITICAL,eclipse-theia.theia:packages/plugin-ext/src/main/browser/webview/webview.ts,Specify a target origin for this message.,"cwe, html5, type-dependent",SECURITY
codegen-sh/codegen,Python,mined,393,python:S6437,Credentials should not be hard-coded,VULNERABILITY,BLOCKER,codegen-sh.codegen:tests/integration/codegen/git/repo_operator/test_remote_repo_operator.py,"Revoke and change this password, as it is compromised.",cwe,SECURITY
codegen-sh/codegen,Python,mined,393,python:S6437,Credentials should not be hard-coded,VULNERABILITY,BLOCKER,codegen-sh.codegen:tests/integration/codegen/git/repo_operator/test_remote_repo_operator.py,"Revoke and change this password, as it is compromised.",cwe,SECURITY
codegen-sh/codegen,Python,mined,393,python:S6437,Credentials should not be hard-coded,VULNERABILITY,BLOCKER,codegen-sh.codegen:tests/integration/codegen/git/repo_operator/test_remote_repo_operator.py,"Revoke and change this password, as it is compromised.",cwe,SECURITY
Percolation-Labs/percolate,Python,mined,36,kubernetes:S6865,Service account permissions should be restricted,VULNERABILITY,MAJOR,Percolation-Labs.percolate:ops/k8s/manifest.yaml,Bind this resource's automounted service account to RBAC or disable automounting.,,SECURITY
Matmax-Worldwide/payloadcmsmcp,HTML,mined,15,secrets:S6698,PostgreSQL database passwords should not be disclosed,VULNERABILITY,BLOCKER,Matmax-Worldwide.payloadcmsmcp:lib/payload/scaffolder.ts,Make sure this PostgreSQL database password gets changed and removed from the code.,cwe,SECURITY
clerk/javascript,TypeScript,mined,1363,secrets:S6706,Cryptographic private keys should not be disclosed,VULNERABILITY,BLOCKER,clerk.javascript:integration/testUtils/handshake.ts,"Make sure this private key gets revoked, changed, and removed from the code.",cwe,SECURITY
clerk/javascript,TypeScript,mined,1363,secrets:S6706,Cryptographic private keys should not be disclosed,VULNERABILITY,BLOCKER,clerk.javascript:integration/testUtils/handshake.ts,"Make sure this private key gets revoked, changed, and removed from the code.",cwe,SECURITY
clerk/javascript,TypeScript,mined,1363,secrets:S6706,Cryptographic private keys should not be disclosed,VULNERABILITY,BLOCKER,clerk.javascript:packages/backend/src/fixtures/index.ts,"Make sure this private key gets revoked, changed, and removed from the code.",cwe,SECURITY
mantou132/gem,TypeScript,mined,19,typescript:S2819,Origins should be verified during cross-origin communications,VULNERABILITY,CRITICAL,mantou132.gem:packages/gem-examples/src/benchmark/worker.ts,Verify the origin of the received message.,"cwe, html5, type-dependent",SECURITY
aidrivencoder/Roo-Cline,TypeScript,mined,18,typescript:S2819,Origins should be verified during cross-origin communications,VULNERABILITY,CRITICAL,aidrivencoder.Roo-Cline:webview-ui/src/components/chat/__tests__/ChatView.auto-approve.test.tsx,Specify a target origin for this message.,"cwe, html5, type-dependent",SECURITY
aidrivencoder/Roo-Cline,TypeScript,mined,18,typescript:S2819,Origins should be verified during cross-origin communications,VULNERABILITY,CRITICAL,aidrivencoder.Roo-Cline:webview-ui/src/components/chat/__tests__/ChatView.test.tsx,Specify a target origin for this message.,"cwe, html5, type-dependent",SECURITY
aidrivencoder/Roo-Cline,TypeScript,mined,18,typescript:S2819,Origins should be verified during cross-origin communications,VULNERABILITY,CRITICAL,aidrivencoder.Roo-Cline:webview-ui/src/components/settings/__tests__/SettingsView.test.tsx,Specify a target origin for this message.,"cwe, html5, type-dependent",SECURITY
langwatch/langwatch,TypeScript,mined,1233,secrets:S6698,PostgreSQL database passwords should not be disclosed,VULNERABILITY,BLOCKER,langwatch.langwatch:compose.dev.yml,Make sure this PostgreSQL database password gets changed and removed from the code.,cwe,SECURITY
langwatch/langwatch,TypeScript,mined,1233,secrets:S6698,PostgreSQL database passwords should not be disclosed,VULNERABILITY,BLOCKER,langwatch.langwatch:compose.yml,Make sure this PostgreSQL database password gets changed and removed from the code.,cwe,SECURITY
trancethehuman/ai-workshop-code,Jupyter Notebook,mined,415,secrets:S6698,PostgreSQL database passwords should not be disclosed,VULNERABILITY,BLOCKER,trancethehuman.ai-workshop-code:notebooks/Hybrid_Search_Workshop.ipynb,Make sure this PostgreSQL database password gets changed and removed from the code.,cwe,SECURITY
authed-dev/authed,Python,mined,72,kubernetes:S6865,Service account permissions should be restricted,VULNERABILITY,MAJOR,authed-dev.authed:k8s/deployment.yaml,"Bind this Service Account to RBAC or disable ""automountServiceAccountToken"".",,SECURITY
authed-dev/authed,Python,mined,72,kubernetes:S6870,Storage limits should be enforced,VULNERABILITY,MAJOR,authed-dev.authed:k8s/deployment.yaml,Specify a storage limit for this container.,,SECURITY
authed-dev/authed,Python,mined,72,python:S5659,JWT should be signed and verified,VULNERABILITY,CRITICAL,authed-dev.authed:registry/core/security/dpop.py,Don't use a JWT token without verifying its signature.,"cwe, privacy",SECURITY
Just-Understanding-Data-Ltd/ai-coding-with-cursor,TypeScript,mined,29,secrets:S6698,PostgreSQL database passwords should not be disclosed,VULNERABILITY,BLOCKER,Just-Understanding-Data-Ltd.ai-coding-with-cursor:chat_bot_customer_support_project/apps/web/integration/setup.ts,Make sure this PostgreSQL database password gets changed and removed from the code.,cwe,SECURITY
Just-Understanding-Data-Ltd/ai-coding-with-cursor,TypeScript,mined,29,secrets:S6698,PostgreSQL database passwords should not be disclosed,VULNERABILITY,BLOCKER,Just-Understanding-Data-Ltd.ai-coding-with-cursor:chat_bot_customer_support_project/apps/web/integration/setup.ts,Make sure this PostgreSQL database password gets changed and removed from the code.,cwe,SECURITY
